id,category,venueName,region,startTime,endTime,days,dates,officialUrl,night,memo,accessNote
boat-2026-05-01-11,boat,ボートレースびわこ,滋賀県,10:30,16:30,,2026-05-01,https://www.boatrace-biwako.jp/,false,BOAT RACE公式データから取り込み。開催日程,ボートレースびわこの公式発表もあわせて確認してください。
boat-2026-05-01-19,boat,ボートレース下関,山口県,15:00,20:50,,2026-05-01,https://www.boatrace-shimonoseki.jp/,true,BOAT RACE公式データから取り込み。にっぽん未来プロジェクト競走ｉｎ下関 ＧＷ特選 / 4/29-5/4 ３日目,ボートレース下関の公式発表もあわせて確認してください。
boat-2026-05-01-07,boat,ボートレース蒲郡,愛知県,15:00,20:50,,2026-05-01,http://www.gamagori-kyotei.com/,true,BOAT RACE公式データから取り込み。中日スポーツ賞 第５５回竹島弁天杯 / 5/1-5/6 初日,ボートレース蒲郡の公式発表もあわせて確認してください。
boat-2026-05-01-17,boat,ボートレース宮島,広島県,10:30,16:30,,2026-05-01,https://www.boatrace-miyajima.com/,false,BOAT RACE公式データから取り込み。第５５回サンケイスポーツ若葉賞 / 4/30-5/5 ２日目,ボートレース宮島の公式発表もあわせて確認してください。
boat-2026-05-01-01,boat,ボートレース桐生,群馬県,15:00,20:50,,2026-05-01,https://www.kiryu-kyotei.com/,true,BOAT RACE公式データから取り込み。第５３回上毛新聞社杯 / 5/1-5/6 初日,ボートレース桐生の公式発表もあわせて確認してください。
boat-2026-05-01-02,boat,ボートレース戸田,埼玉県,10:30,16:30,,2026-05-01,http://www.boatrace-toda.jp/,false,BOAT RACE公式データから取り込み。第３７回ウインビーカップ / 5/1-5/6 初日,ボートレース戸田の公式発表もあわせて確認してください。
boat-2026-05-01-03,boat,ボートレース江戸川,東京都,10:30,16:30,,2026-05-01,http://www.boatrace-edogawa.com/,false,BOAT RACE公式データから取り込み。ゴールデンカップ / 4/26-5/1 最終日,ボートレース江戸川の公式発表もあわせて確認してください。
boat-2026-05-01-20,boat,ボートレース若松,福岡県,15:00,20:50,,2026-05-01,https://www.wmb.jp/,true,BOAT RACE公式データから取り込み。スポーツニッポン杯ＧＷ特選競走 / 5/1-5/6 初日,ボートレース若松の公式発表もあわせて確認してください。
boat-2026-05-01-05,boat,ボートレース多摩川,東京都,12:00,18:30,,2026-05-01,http://www.boatrace-tamagawa.com/,false,BOAT RACE公式データから取り込み。第３３回多摩川さつき杯 / 4/27-5/2 ５日目,ボートレース多摩川の公式発表もあわせて確認してください。
boat-2026-05-01-24,boat,ボートレース大村,長崎県,17:00,23:30,,2026-05-01,http://omurakyotei.jp/index.php,true,BOAT RACE公式データから取り込み。ミッドナイトボートレースｉｎ大村 １ / 4/26-5/1 最終日,ボートレース大村の公式発表もあわせて確認してください。
boat-2026-05-01-09,boat,ボートレース津,三重県,10:30,16:30,,2026-05-01,http://www.boatrace-tsu.com/,false,BOAT RACE公式データから取り込み。開催日程,ボートレース津の公式発表もあわせて確認してください。
boat-2026-05-01-23,boat,ボートレース唐津,佐賀県,08:30,14:30,,2026-05-01,http://www.boatrace-karatsu.jp/,false,BOAT RACE公式データから取り込み。ＢＯＡＴＲＡＣＥ振興会会長賞ＧＷ唐津特選 / 5/1-5/6 初日,ボートレース唐津の公式発表もあわせて確認してください。
boat-2026-05-01-18,boat,ボートレース徳山,山口県,08:30,14:30,,2026-05-01,http://www.boatrace-tokuyama.jp/,false,BOAT RACE公式データから取り込み。山口放送開局７０周年記念ＫＲＹ山口放送杯争奪戦 / 4/27-5/2 ５日目,ボートレース徳山の公式発表もあわせて確認してください。
boat-2026-05-01-22,boat,ボートレース福岡,福岡県,12:00,18:30,,2026-05-01,http://www.boatrace-fukuoka.com/,false,BOAT RACE公式データから取り込み。どんたく特選レース・福岡市民の祭り振興会会長杯 / 4/29-5/4 ３日目,ボートレース福岡の公式発表もあわせて確認してください。
boat-2026-05-01-14,boat,ボートレース鳴門,徳島県,08:30,14:30,,2026-05-01,http://www.n14.jp/,false,BOAT RACE公式データから取り込み。オールレディース第４２回渦の女王決定戦競走 / 4/29-5/4 ３日目,ボートレース鳴門の公式発表もあわせて確認してください。
boat-2026-05-02-11,boat,ボートレースびわこ,滋賀県,10:30,16:30,,2026-05-02,https://www.boatrace-biwako.jp/,false,BOAT RACE公式データから取り込み。滋賀県知事杯争奪 第２７回ビナちゃんカップ / 4/30-5/6 ３日目,ボートレースびわこの公式発表もあわせて確認してください。
boat-2026-05-02-19,boat,ボートレース下関,山口県,15:00,20:50,,2026-05-02,https://www.boatrace-shimonoseki.jp/,true,BOAT RACE公式データから取り込み。にっぽん未来プロジェクト競走ｉｎ下関 ＧＷ特選 / 4/29-5/4 ４日目,ボートレース下関の公式発表もあわせて確認してください。
boat-2026-05-02-07,boat,ボートレース蒲郡,愛知県,15:00,20:50,,2026-05-02,http://www.gamagori-kyotei.com/,true,BOAT RACE公式データから取り込み。中日スポーツ賞 第５５回竹島弁天杯 / 5/1-5/6 ２日目,ボートレース蒲郡の公式発表もあわせて確認してください。
boat-2026-05-02-17,boat,ボートレース宮島,広島県,10:30,16:30,,2026-05-02,https://www.boatrace-miyajima.com/,false,BOAT RACE公式データから取り込み。第５５回サンケイスポーツ若葉賞 / 4/30-5/5 ３日目,ボートレース宮島の公式発表もあわせて確認してください。
boat-2026-05-02-01,boat,ボートレース桐生,群馬県,15:00,20:50,,2026-05-02,https://www.kiryu-kyotei.com/,true,BOAT RACE公式データから取り込み。第５３回上毛新聞社杯 / 5/1-5/6 ２日目,ボートレース桐生の公式発表もあわせて確認してください。
boat-2026-05-02-02,boat,ボートレース戸田,埼玉県,10:30,16:30,,2026-05-02,http://www.boatrace-toda.jp/,false,BOAT RACE公式データから取り込み。第３７回ウインビーカップ / 5/1-5/6 ２日目,ボートレース戸田の公式発表もあわせて確認してください。
boat-2026-05-02-10,boat,ボートレース三国,福井県,08:30,14:30,,2026-05-02,https://www.boatrace-mikuni.jp/,false,BOAT RACE公式データから取り込み。ＧＷ三国ボートフェスタ / 5/2-5/7 初日,ボートレース三国の公式発表もあわせて確認してください。
boat-2026-05-02-16,boat,ボートレース児島,岡山県,10:30,16:30,,2026-05-02,https://www.kojimaboat.jp/,false,BOAT RACE公式データから取り込み。第４２回鷲羽杯 / 5/2-5/7 初日,ボートレース児島の公式発表もあわせて確認してください。
boat-2026-05-02-20,boat,ボートレース若松,福岡県,15:00,20:50,,2026-05-02,https://www.wmb.jp/,true,BOAT RACE公式データから取り込み。スポーツニッポン杯ＧＷ特選競走 / 5/1-5/6 ２日目,ボートレース若松の公式発表もあわせて確認してください。
boat-2026-05-02-05,boat,ボートレース多摩川,東京都,12:00,18:30,,2026-05-02,http://www.boatrace-tamagawa.com/,false,BOAT RACE公式データから取り込み。第３３回多摩川さつき杯 / 4/27-5/2 最終日,ボートレース多摩川の公式発表もあわせて確認してください。
boat-2026-05-02-09,boat,ボートレース津,三重県,10:30,16:30,,2026-05-02,http://www.boatrace-tsu.com/,false,BOAT RACE公式データから取り込み。スポーツニッポンパール賞競走 / 4/30-5/6 ３日目,ボートレース津の公式発表もあわせて確認してください。
boat-2026-05-02-23,boat,ボートレース唐津,佐賀県,08:30,14:30,,2026-05-02,http://www.boatrace-karatsu.jp/,false,BOAT RACE公式データから取り込み。ＢＯＡＴＲＡＣＥ振興会会長賞ＧＷ唐津特選 / 5/1-5/6 ２日目,ボートレース唐津の公式発表もあわせて確認してください。
boat-2026-05-02-18,boat,ボートレース徳山,山口県,08:30,14:30,,2026-05-02,http://www.boatrace-tokuyama.jp/,false,BOAT RACE公式データから取り込み。山口放送開局７０周年記念ＫＲＹ山口放送杯争奪戦 / 4/27-5/2 最終日,ボートレース徳山の公式発表もあわせて確認してください。
boat-2026-05-02-22,boat,ボートレース福岡,福岡県,12:00,18:30,,2026-05-02,http://www.boatrace-fukuoka.com/,false,BOAT RACE公式データから取り込み。どんたく特選レース・福岡市民の祭り振興会会長杯 / 4/29-5/4 ４日目,ボートレース福岡の公式発表もあわせて確認してください。
boat-2026-05-02-14,boat,ボートレース鳴門,徳島県,08:30,14:30,,2026-05-02,http://www.n14.jp/,false,BOAT RACE公式データから取り込み。オールレディース第４２回渦の女王決定戦競走 / 4/29-5/4 ４日目,ボートレース鳴門の公式発表もあわせて確認してください。
boat-2026-05-03-11,boat,ボートレースびわこ,滋賀県,10:30,16:30,,2026-05-03,https://www.boatrace-biwako.jp/,false,BOAT RACE公式データから取り込み。滋賀県知事杯争奪 第２７回ビナちゃんカップ / 4/30-5/6 ４日目,ボートレースびわこの公式発表もあわせて確認してください。
boat-2026-05-03-19,boat,ボートレース下関,山口県,15:00,20:50,,2026-05-03,https://www.boatrace-shimonoseki.jp/,true,BOAT RACE公式データから取り込み。にっぽん未来プロジェクト競走ｉｎ下関 ＧＷ特選 / 4/29-5/4 ５日目,ボートレース下関の公式発表もあわせて確認してください。
boat-2026-05-03-07,boat,ボートレース蒲郡,愛知県,15:00,20:50,,2026-05-03,http://www.gamagori-kyotei.com/,true,BOAT RACE公式データから取り込み。中日スポーツ賞 第５５回竹島弁天杯 / 5/1-5/6 ３日目,ボートレース蒲郡の公式発表もあわせて確認してください。
boat-2026-05-03-17,boat,ボートレース宮島,広島県,10:30,16:30,,2026-05-03,https://www.boatrace-miyajima.com/,false,BOAT RACE公式データから取り込み。第５５回サンケイスポーツ若葉賞 / 4/30-5/5 ４日目,ボートレース宮島の公式発表もあわせて確認してください。
boat-2026-05-03-01,boat,ボートレース桐生,群馬県,15:00,20:50,,2026-05-03,https://www.kiryu-kyotei.com/,true,BOAT RACE公式データから取り込み。第５３回上毛新聞社杯 / 5/1-5/6 ３日目,ボートレース桐生の公式発表もあわせて確認してください。
boat-2026-05-03-02,boat,ボートレース戸田,埼玉県,10:30,16:30,,2026-05-03,http://www.boatrace-toda.jp/,false,BOAT RACE公式データから取り込み。第３７回ウインビーカップ / 5/1-5/6 ３日目,ボートレース戸田の公式発表もあわせて確認してください。
boat-2026-05-03-10,boat,ボートレース三国,福井県,08:30,14:30,,2026-05-03,https://www.boatrace-mikuni.jp/,false,BOAT RACE公式データから取り込み。ＧＷ三国ボートフェスタ / 5/2-5/7 ２日目,ボートレース三国の公式発表もあわせて確認してください。
boat-2026-05-03-16,boat,ボートレース児島,岡山県,10:30,16:30,,2026-05-03,https://www.kojimaboat.jp/,false,BOAT RACE公式データから取り込み。第４２回鷲羽杯 / 5/2-5/7 ２日目,ボートレース児島の公式発表もあわせて確認してください。
boat-2026-05-03-20,boat,ボートレース若松,福岡県,10:30,16:30,,2026-05-03,https://www.wmb.jp/,false,BOAT RACE公式データから取り込み。開催日程,ボートレース若松の公式発表もあわせて確認してください。
boat-2026-05-03-12,boat,ボートレース住之江,大阪府,15:00,20:50,,2026-05-03,https://www.boatrace-suminoe.jp/,true,BOAT RACE公式データから取り込み。２０２６ラピートカップ / 5/3-5/8 初日,ボートレース住之江の公式発表もあわせて確認してください。
boat-2026-05-03-08,boat,ボートレース常滑,愛知県,10:30,16:30,,2026-05-03,http://www.boatrace-tokoname.jp/,false,BOAT RACE公式データから取り込み。中日スポーツ杯争奪第４６回チャンピオン大会 / 5/3-5/8 初日,ボートレース常滑の公式発表もあわせて確認してください。
boat-2026-05-03-09,boat,ボートレース津,三重県,10:30,16:30,,2026-05-03,http://www.boatrace-tsu.com/,false,BOAT RACE公式データから取り込み。スポーツニッポンパール賞競走 / 4/30-5/6 ４日目,ボートレース津の公式発表もあわせて確認してください。
boat-2026-05-03-23,boat,ボートレース唐津,佐賀県,08:30,14:30,,2026-05-03,http://www.boatrace-karatsu.jp/,false,BOAT RACE公式データから取り込み。ＢＯＡＴＲＡＣＥ振興会会長賞ＧＷ唐津特選 / 5/1-5/6 ３日目,ボートレース唐津の公式発表もあわせて確認してください。
boat-2026-05-03-06,boat,ボートレース浜名湖,静岡県,12:00,18:30,,2026-05-03,https://www.boatrace-hamanako.jp/,false,BOAT RACE公式データから取り込み。浜松市長杯争奪戦 やらまいかカップ / 5/3-5/8 初日,ボートレース浜名湖の公式発表もあわせて確認してください。
boat-2026-05-03-22,boat,ボートレース福岡,福岡県,12:00,18:30,,2026-05-03,http://www.boatrace-fukuoka.com/,false,BOAT RACE公式データから取り込み。どんたく特選レース・福岡市民の祭り振興会会長杯 / 4/29-5/4 ５日目,ボートレース福岡の公式発表もあわせて確認してください。
boat-2026-05-03-04,boat,ボートレース平和島,東京都,12:00,18:30,,2026-05-03,https://www.heiwajima.gr.jp/,false,BOAT RACE公式データから取り込み。第２回京急開発グループ杯 / 5/3-5/8 初日,ボートレース平和島の公式発表もあわせて確認してください。
boat-2026-05-03-14,boat,ボートレース鳴門,徳島県,08:30,14:30,,2026-05-03,http://www.n14.jp/,false,BOAT RACE公式データから取り込み。オールレディース第４２回渦の女王決定戦競走 / 4/29-5/4 ５日目,ボートレース鳴門の公式発表もあわせて確認してください。
boat-2026-05-04-11,boat,ボートレースびわこ,滋賀県,10:30,16:30,,2026-05-04,https://www.boatrace-biwako.jp/,false,BOAT RACE公式データから取り込み。開催日程,ボートレースびわこの公式発表もあわせて確認してください。
boat-2026-05-04-19,boat,ボートレース下関,山口県,15:00,20:50,,2026-05-04,https://www.boatrace-shimonoseki.jp/,true,BOAT RACE公式データから取り込み。にっぽん未来プロジェクト競走ｉｎ下関 ＧＷ特選 / 4/29-5/4 最終日,ボートレース下関の公式発表もあわせて確認してください。
boat-2026-05-04-07,boat,ボートレース蒲郡,愛知県,15:00,20:50,,2026-05-04,http://www.gamagori-kyotei.com/,true,BOAT RACE公式データから取り込み。中日スポーツ賞 第５５回竹島弁天杯 / 5/1-5/6 ４日目,ボートレース蒲郡の公式発表もあわせて確認してください。
boat-2026-05-04-17,boat,ボートレース宮島,広島県,10:30,16:30,,2026-05-04,https://www.boatrace-miyajima.com/,false,BOAT RACE公式データから取り込み。第５５回サンケイスポーツ若葉賞 / 4/30-5/5 ５日目,ボートレース宮島の公式発表もあわせて確認してください。
boat-2026-05-04-01,boat,ボートレース桐生,群馬県,10:30,16:30,,2026-05-04,https://www.kiryu-kyotei.com/,false,BOAT RACE公式データから取り込み。開催日程,ボートレース桐生の公式発表もあわせて確認してください。
boat-2026-05-04-02,boat,ボートレース戸田,埼玉県,10:30,16:30,,2026-05-04,http://www.boatrace-toda.jp/,false,BOAT RACE公式データから取り込み。第３７回ウインビーカップ / 5/1-5/6 ４日目,ボートレース戸田の公式発表もあわせて確認してください。
boat-2026-05-04-10,boat,ボートレース三国,福井県,08:30,14:30,,2026-05-04,https://www.boatrace-mikuni.jp/,false,BOAT RACE公式データから取り込み。ＧＷ三国ボートフェスタ / 5/2-5/7 ３日目,ボートレース三国の公式発表もあわせて確認してください。
boat-2026-05-04-16,boat,ボートレース児島,岡山県,10:30,16:30,,2026-05-04,https://www.kojimaboat.jp/,false,BOAT RACE公式データから取り込み。第４２回鷲羽杯 / 5/2-5/7 ３日目,ボートレース児島の公式発表もあわせて確認してください。
boat-2026-05-04-20,boat,ボートレース若松,福岡県,15:00,20:50,,2026-05-04,https://www.wmb.jp/,true,BOAT RACE公式データから取り込み。スポーツニッポン杯ＧＷ特選競走 / 5/1-5/6 ４日目,ボートレース若松の公式発表もあわせて確認してください。
boat-2026-05-04-12,boat,ボートレース住之江,大阪府,15:00,20:50,,2026-05-04,https://www.boatrace-suminoe.jp/,true,BOAT RACE公式データから取り込み。２０２６ラピートカップ / 5/3-5/8 ２日目,ボートレース住之江の公式発表もあわせて確認してください。
boat-2026-05-04-08,boat,ボートレース常滑,愛知県,10:30,16:30,,2026-05-04,http://www.boatrace-tokoname.jp/,false,BOAT RACE公式データから取り込み。中日スポーツ杯争奪第４６回チャンピオン大会 / 5/3-5/8 ２日目,ボートレース常滑の公式発表もあわせて確認してください。
boat-2026-05-04-09,boat,ボートレース津,三重県,10:30,16:30,,2026-05-04,http://www.boatrace-tsu.com/,false,BOAT RACE公式データから取り込み。開催日程,ボートレース津の公式発表もあわせて確認してください。
boat-2026-05-04-23,boat,ボートレース唐津,佐賀県,08:30,14:30,,2026-05-04,http://www.boatrace-karatsu.jp/,false,BOAT RACE公式データから取り込み。ＢＯＡＴＲＡＣＥ振興会会長賞ＧＷ唐津特選 / 5/1-5/6 ４日目,ボートレース唐津の公式発表もあわせて確認してください。
boat-2026-05-04-13,boat,ボートレース尼崎,兵庫県,10:30,16:30,,2026-05-04,https://www.boatrace-amagasaki.jp/,false,BOAT RACE公式データから取り込み。第５８回報知金杯争奪 六甲賞競走 / 5/4-5/9 初日,ボートレース尼崎の公式発表もあわせて確認してください。
boat-2026-05-04-06,boat,ボートレース浜名湖,静岡県,12:00,18:30,,2026-05-04,https://www.boatrace-hamanako.jp/,false,BOAT RACE公式データから取り込み。浜松市長杯争奪戦 やらまいかカップ / 5/3-5/8 ２日目,ボートレース浜名湖の公式発表もあわせて確認してください。
boat-2026-05-04-22,boat,ボートレース福岡,福岡県,12:00,18:30,,2026-05-04,http://www.boatrace-fukuoka.com/,false,BOAT RACE公式データから取り込み。どんたく特選レース・福岡市民の祭り振興会会長杯 / 4/29-5/4 最終日,ボートレース福岡の公式発表もあわせて確認してください。
boat-2026-05-04-04,boat,ボートレース平和島,東京都,12:00,18:30,,2026-05-04,https://www.heiwajima.gr.jp/,false,BOAT RACE公式データから取り込み。第２回京急開発グループ杯 / 5/3-5/8 ２日目,ボートレース平和島の公式発表もあわせて確認してください。
boat-2026-05-04-14,boat,ボートレース鳴門,徳島県,08:30,14:30,,2026-05-04,http://www.n14.jp/,false,BOAT RACE公式データから取り込み。オールレディース第４２回渦の女王決定戦競走 / 4/29-5/4 最終日,ボートレース鳴門の公式発表もあわせて確認してください。
boat-2026-05-05-11,boat,ボートレースびわこ,滋賀県,10:30,16:30,,2026-05-05,https://www.boatrace-biwako.jp/,false,BOAT RACE公式データから取り込み。滋賀県知事杯争奪 第２７回ビナちゃんカップ / 4/30-5/6 ５日目,ボートレースびわこの公式発表もあわせて確認してください。
boat-2026-05-05-07,boat,ボートレース蒲郡,愛知県,15:00,20:50,,2026-05-05,http://www.gamagori-kyotei.com/,true,BOAT RACE公式データから取り込み。中日スポーツ賞 第５５回竹島弁天杯 / 5/1-5/6 ５日目,ボートレース蒲郡の公式発表もあわせて確認してください。
boat-2026-05-05-15,boat,ボートレース丸亀,香川県,15:00,20:50,,2026-05-05,https://www.marugameboat.jp/,true,BOAT RACE公式データから取り込み。第１１回レディースオールスター / 5/5-5/10 初日,ボートレース丸亀の公式発表もあわせて確認してください。
boat-2026-05-05-17,boat,ボートレース宮島,広島県,10:30,16:30,,2026-05-05,https://www.boatrace-miyajima.com/,false,BOAT RACE公式データから取り込み。第５５回サンケイスポーツ若葉賞 / 4/30-5/5 最終日,ボートレース宮島の公式発表もあわせて確認してください。
boat-2026-05-05-01,boat,ボートレース桐生,群馬県,15:00,20:50,,2026-05-05,https://www.kiryu-kyotei.com/,true,BOAT RACE公式データから取り込み。第５３回上毛新聞社杯 / 5/1-5/6 ５日目,ボートレース桐生の公式発表もあわせて確認してください。
boat-2026-05-05-02,boat,ボートレース戸田,埼玉県,10:30,16:30,,2026-05-05,http://www.boatrace-toda.jp/,false,BOAT RACE公式データから取り込み。第３７回ウインビーカップ / 5/1-5/6 ５日目,ボートレース戸田の公式発表もあわせて確認してください。
boat-2026-05-05-10,boat,ボートレース三国,福井県,08:30,14:30,,2026-05-05,https://www.boatrace-mikuni.jp/,false,BOAT RACE公式データから取り込み。ＧＷ三国ボートフェスタ / 5/2-5/7 ４日目,ボートレース三国の公式発表もあわせて確認してください。
boat-2026-05-05-16,boat,ボートレース児島,岡山県,10:30,16:30,,2026-05-05,https://www.kojimaboat.jp/,false,BOAT RACE公式データから取り込み。第４２回鷲羽杯 / 5/2-5/7 ４日目,ボートレース児島の公式発表もあわせて確認してください。
boat-2026-05-05-20,boat,ボートレース若松,福岡県,15:00,20:50,,2026-05-05,https://www.wmb.jp/,true,BOAT RACE公式データから取り込み。スポーツニッポン杯ＧＷ特選競走 / 5/1-5/6 ５日目,ボートレース若松の公式発表もあわせて確認してください。
boat-2026-05-05-12,boat,ボートレース住之江,大阪府,15:00,20:50,,2026-05-05,https://www.boatrace-suminoe.jp/,true,BOAT RACE公式データから取り込み。２０２６ラピートカップ / 5/3-5/8 ３日目,ボートレース住之江の公式発表もあわせて確認してください。
boat-2026-05-05-08,boat,ボートレース常滑,愛知県,10:30,16:30,,2026-05-05,http://www.boatrace-tokoname.jp/,false,BOAT RACE公式データから取り込み。中日スポーツ杯争奪第４６回チャンピオン大会 / 5/3-5/8 ３日目,ボートレース常滑の公式発表もあわせて確認してください。
boat-2026-05-05-09,boat,ボートレース津,三重県,10:30,16:30,,2026-05-05,http://www.boatrace-tsu.com/,false,BOAT RACE公式データから取り込み。スポーツニッポンパール賞競走 / 4/30-5/6 ５日目,ボートレース津の公式発表もあわせて確認してください。
boat-2026-05-05-23,boat,ボートレース唐津,佐賀県,08:30,14:30,,2026-05-05,http://www.boatrace-karatsu.jp/,false,BOAT RACE公式データから取り込み。ＢＯＡＴＲＡＣＥ振興会会長賞ＧＷ唐津特選 / 5/1-5/6 ５日目,ボートレース唐津の公式発表もあわせて確認してください。
boat-2026-05-05-18,boat,ボートレース徳山,山口県,08:30,14:30,,2026-05-05,http://www.boatrace-tokuyama.jp/,false,BOAT RACE公式データから取り込み。ニッカン・コム杯争奪戦 / 5/5-5/9 初日,ボートレース徳山の公式発表もあわせて確認してください。
boat-2026-05-05-13,boat,ボートレース尼崎,兵庫県,10:30,16:30,,2026-05-05,https://www.boatrace-amagasaki.jp/,false,BOAT RACE公式データから取り込み。第５８回報知金杯争奪 六甲賞競走 / 5/4-5/9 ２日目,ボートレース尼崎の公式発表もあわせて確認してください。
boat-2026-05-05-06,boat,ボートレース浜名湖,静岡県,12:00,18:30,,2026-05-05,https://www.boatrace-hamanako.jp/,false,BOAT RACE公式データから取り込み。浜松市長杯争奪戦 やらまいかカップ / 5/3-5/8 ３日目,ボートレース浜名湖の公式発表もあわせて確認してください。
boat-2026-05-05-04,boat,ボートレース平和島,東京都,12:00,18:30,,2026-05-05,https://www.heiwajima.gr.jp/,false,BOAT RACE公式データから取り込み。第２回京急開発グループ杯 / 5/3-5/8 ３日目,ボートレース平和島の公式発表もあわせて確認してください。
boat-2026-05-06-11,boat,ボートレースびわこ,滋賀県,10:30,16:30,,2026-05-06,https://www.boatrace-biwako.jp/,false,BOAT RACE公式データから取り込み。滋賀県知事杯争奪 第２７回ビナちゃんカップ / 4/30-5/6 最終日,ボートレースびわこの公式発表もあわせて確認してください。
boat-2026-05-06-21,boat,ボートレース芦屋,福岡県,08:30,14:30,,2026-05-06,https://www.boatrace-ashiya.com/,false,BOAT RACE公式データから取り込み。日本トーター杯 / 5/6-5/10 初日,ボートレース芦屋の公式発表もあわせて確認してください。
boat-2026-05-06-07,boat,ボートレース蒲郡,愛知県,15:00,20:50,,2026-05-06,http://www.gamagori-kyotei.com/,true,BOAT RACE公式データから取り込み。中日スポーツ賞 第５５回竹島弁天杯 / 5/1-5/6 最終日,ボートレース蒲郡の公式発表もあわせて確認してください。
boat-2026-05-06-15,boat,ボートレース丸亀,香川県,15:00,20:50,,2026-05-06,https://www.marugameboat.jp/,true,BOAT RACE公式データから取り込み。第１１回レディースオールスター / 5/5-5/10 ２日目,ボートレース丸亀の公式発表もあわせて確認してください。
boat-2026-05-06-01,boat,ボートレース桐生,群馬県,15:00,20:50,,2026-05-06,https://www.kiryu-kyotei.com/,true,BOAT RACE公式データから取り込み。第５３回上毛新聞社杯 / 5/1-5/6 最終日,ボートレース桐生の公式発表もあわせて確認してください。
boat-2026-05-06-02,boat,ボートレース戸田,埼玉県,10:30,16:30,,2026-05-06,http://www.boatrace-toda.jp/,false,BOAT RACE公式データから取り込み。第３７回ウインビーカップ / 5/1-5/6 最終日,ボートレース戸田の公式発表もあわせて確認してください。
boat-2026-05-06-10,boat,ボートレース三国,福井県,08:30,14:30,,2026-05-06,https://www.boatrace-mikuni.jp/,false,BOAT RACE公式データから取り込み。ＧＷ三国ボートフェスタ / 5/2-5/7 ５日目,ボートレース三国の公式発表もあわせて確認してください。
boat-2026-05-06-16,boat,ボートレース児島,岡山県,10:30,16:30,,2026-05-06,https://www.kojimaboat.jp/,false,BOAT RACE公式データから取り込み。第４２回鷲羽杯 / 5/2-5/7 ５日目,ボートレース児島の公式発表もあわせて確認してください。
boat-2026-05-06-20,boat,ボートレース若松,福岡県,15:00,20:50,,2026-05-06,https://www.wmb.jp/,true,BOAT RACE公式データから取り込み。スポーツニッポン杯ＧＷ特選競走 / 5/1-5/6 最終日,ボートレース若松の公式発表もあわせて確認してください。
boat-2026-05-06-12,boat,ボートレース住之江,大阪府,15:00,20:50,,2026-05-06,https://www.boatrace-suminoe.jp/,true,BOAT RACE公式データから取り込み。２０２６ラピートカップ / 5/3-5/8 ４日目,ボートレース住之江の公式発表もあわせて確認してください。
boat-2026-05-06-08,boat,ボートレース常滑,愛知県,10:30,16:30,,2026-05-06,http://www.boatrace-tokoname.jp/,false,BOAT RACE公式データから取り込み。中日スポーツ杯争奪第４６回チャンピオン大会 / 5/3-5/8 ４日目,ボートレース常滑の公式発表もあわせて確認してください。
boat-2026-05-06-05,boat,ボートレース多摩川,東京都,12:00,18:30,,2026-05-06,http://www.boatrace-tamagawa.com/,false,BOAT RACE公式データから取り込み。第２１回マンスリーＢＯＡＴＲＡＣＥ杯 / 5/6-5/11 初日,ボートレース多摩川の公式発表もあわせて確認してください。
boat-2026-05-06-09,boat,ボートレース津,三重県,10:30,16:30,,2026-05-06,http://www.boatrace-tsu.com/,false,BOAT RACE公式データから取り込み。スポーツニッポンパール賞競走 / 4/30-5/6 最終日,ボートレース津の公式発表もあわせて確認してください。
boat-2026-05-06-23,boat,ボートレース唐津,佐賀県,08:30,14:30,,2026-05-06,http://www.boatrace-karatsu.jp/,false,BOAT RACE公式データから取り込み。ＢＯＡＴＲＡＣＥ振興会会長賞ＧＷ唐津特選 / 5/1-5/6 最終日,ボートレース唐津の公式発表もあわせて確認してください。
boat-2026-05-06-18,boat,ボートレース徳山,山口県,08:30,14:30,,2026-05-06,http://www.boatrace-tokuyama.jp/,false,BOAT RACE公式データから取り込み。ニッカン・コム杯争奪戦 / 5/5-5/9 ２日目,ボートレース徳山の公式発表もあわせて確認してください。
boat-2026-05-06-13,boat,ボートレース尼崎,兵庫県,10:30,16:30,,2026-05-06,https://www.boatrace-amagasaki.jp/,false,BOAT RACE公式データから取り込み。第５８回報知金杯争奪 六甲賞競走 / 5/4-5/9 ３日目,ボートレース尼崎の公式発表もあわせて確認してください。
boat-2026-05-06-06,boat,ボートレース浜名湖,静岡県,12:00,18:30,,2026-05-06,https://www.boatrace-hamanako.jp/,false,BOAT RACE公式データから取り込み。浜松市長杯争奪戦 やらまいかカップ / 5/3-5/8 ４日目,ボートレース浜名湖の公式発表もあわせて確認してください。
boat-2026-05-06-04,boat,ボートレース平和島,東京都,12:00,18:30,,2026-05-06,https://www.heiwajima.gr.jp/,false,BOAT RACE公式データから取り込み。第２回京急開発グループ杯 / 5/3-5/8 ４日目,ボートレース平和島の公式発表もあわせて確認してください。
boat-2026-05-07-21,boat,ボートレース芦屋,福岡県,08:30,14:30,,2026-05-07,https://www.boatrace-ashiya.com/,false,BOAT RACE公式データから取り込み。日本トーター杯 / 5/6-5/10 ２日目,ボートレース芦屋の公式発表もあわせて確認してください。
boat-2026-05-07-15,boat,ボートレース丸亀,香川県,15:00,20:50,,2026-05-07,https://www.marugameboat.jp/,true,BOAT RACE公式データから取り込み。第１１回レディースオールスター / 5/5-5/10 ３日目,ボートレース丸亀の公式発表もあわせて確認してください。
boat-2026-05-07-10,boat,ボートレース三国,福井県,08:30,14:30,,2026-05-07,https://www.boatrace-mikuni.jp/,false,BOAT RACE公式データから取り込み。ＧＷ三国ボートフェスタ / 5/2-5/7 最終日,ボートレース三国の公式発表もあわせて確認してください。
boat-2026-05-07-16,boat,ボートレース児島,岡山県,10:30,16:30,,2026-05-07,https://www.kojimaboat.jp/,false,BOAT RACE公式データから取り込み。第４２回鷲羽杯 / 5/2-5/7 最終日,ボートレース児島の公式発表もあわせて確認してください。
boat-2026-05-07-12,boat,ボートレース住之江,大阪府,15:00,20:50,,2026-05-07,https://www.boatrace-suminoe.jp/,true,BOAT RACE公式データから取り込み。２０２６ラピートカップ / 5/3-5/8 ５日目,ボートレース住之江の公式発表もあわせて確認してください。
boat-2026-05-07-08,boat,ボートレース常滑,愛知県,10:30,16:30,,2026-05-07,http://www.boatrace-tokoname.jp/,false,BOAT RACE公式データから取り込み。中日スポーツ杯争奪第４６回チャンピオン大会 / 5/3-5/8 ５日目,ボートレース常滑の公式発表もあわせて確認してください。
boat-2026-05-07-05,boat,ボートレース多摩川,東京都,12:00,18:30,,2026-05-07,http://www.boatrace-tamagawa.com/,false,BOAT RACE公式データから取り込み。第２１回マンスリーＢＯＡＴＲＡＣＥ杯 / 5/6-5/11 ２日目,ボートレース多摩川の公式発表もあわせて確認してください。
boat-2026-05-07-24,boat,ボートレース大村,長崎県,15:00,20:50,,2026-05-07,http://omurakyotei.jp/index.php,true,BOAT RACE公式データから取り込み。長崎新聞社杯 / 5/7-5/11 初日,ボートレース大村の公式発表もあわせて確認してください。
boat-2026-05-07-18,boat,ボートレース徳山,山口県,08:30,14:30,,2026-05-07,http://www.boatrace-tokuyama.jp/,false,BOAT RACE公式データから取り込み。ニッカン・コム杯争奪戦 / 5/5-5/9 ３日目,ボートレース徳山の公式発表もあわせて確認してください。
boat-2026-05-07-13,boat,ボートレース尼崎,兵庫県,10:30,16:30,,2026-05-07,https://www.boatrace-amagasaki.jp/,false,BOAT RACE公式データから取り込み。第５８回報知金杯争奪 六甲賞競走 / 5/4-5/9 ４日目,ボートレース尼崎の公式発表もあわせて確認してください。
boat-2026-05-07-06,boat,ボートレース浜名湖,静岡県,12:00,18:30,,2026-05-07,https://www.boatrace-hamanako.jp/,false,BOAT RACE公式データから取り込み。浜松市長杯争奪戦 やらまいかカップ / 5/3-5/8 ５日目,ボートレース浜名湖の公式発表もあわせて確認してください。
boat-2026-05-07-04,boat,ボートレース平和島,東京都,12:00,18:30,,2026-05-07,https://www.heiwajima.gr.jp/,false,BOAT RACE公式データから取り込み。第２回京急開発グループ杯 / 5/3-5/8 ５日目,ボートレース平和島の公式発表もあわせて確認してください。
boat-2026-05-08-21,boat,ボートレース芦屋,福岡県,08:30,14:30,,2026-05-08,https://www.boatrace-ashiya.com/,false,BOAT RACE公式データから取り込み。日本トーター杯 / 5/6-5/10 ３日目,ボートレース芦屋の公式発表もあわせて確認してください。
boat-2026-05-08-15,boat,ボートレース丸亀,香川県,15:00,20:50,,2026-05-08,https://www.marugameboat.jp/,true,BOAT RACE公式データから取り込み。第１１回レディースオールスター / 5/5-5/10 ４日目,ボートレース丸亀の公式発表もあわせて確認してください。
boat-2026-05-08-12,boat,ボートレース住之江,大阪府,15:00,20:50,,2026-05-08,https://www.boatrace-suminoe.jp/,true,BOAT RACE公式データから取り込み。２０２６ラピートカップ / 5/3-5/8 最終日,ボートレース住之江の公式発表もあわせて確認してください。
boat-2026-05-08-08,boat,ボートレース常滑,愛知県,10:30,16:30,,2026-05-08,http://www.boatrace-tokoname.jp/,false,BOAT RACE公式データから取り込み。中日スポーツ杯争奪第４６回チャンピオン大会 / 5/3-5/8 最終日,ボートレース常滑の公式発表もあわせて確認してください。
boat-2026-05-08-05,boat,ボートレース多摩川,東京都,12:00,18:30,,2026-05-08,http://www.boatrace-tamagawa.com/,false,BOAT RACE公式データから取り込み。第２１回マンスリーＢＯＡＴＲＡＣＥ杯 / 5/6-5/11 ３日目,ボートレース多摩川の公式発表もあわせて確認してください。
boat-2026-05-08-24,boat,ボートレース大村,長崎県,15:00,20:50,,2026-05-08,http://omurakyotei.jp/index.php,true,BOAT RACE公式データから取り込み。長崎新聞社杯 / 5/7-5/11 ２日目,ボートレース大村の公式発表もあわせて確認してください。
boat-2026-05-08-18,boat,ボートレース徳山,山口県,08:30,14:30,,2026-05-08,http://www.boatrace-tokuyama.jp/,false,BOAT RACE公式データから取り込み。ニッカン・コム杯争奪戦 / 5/5-5/9 ４日目,ボートレース徳山の公式発表もあわせて確認してください。
boat-2026-05-08-13,boat,ボートレース尼崎,兵庫県,10:30,16:30,,2026-05-08,https://www.boatrace-amagasaki.jp/,false,BOAT RACE公式データから取り込み。第５８回報知金杯争奪 六甲賞競走 / 5/4-5/9 ５日目,ボートレース尼崎の公式発表もあわせて確認してください。
boat-2026-05-08-06,boat,ボートレース浜名湖,静岡県,12:00,18:30,,2026-05-08,https://www.boatrace-hamanako.jp/,false,BOAT RACE公式データから取り込み。浜松市長杯争奪戦 やらまいかカップ / 5/3-5/8 最終日,ボートレース浜名湖の公式発表もあわせて確認してください。
boat-2026-05-08-22,boat,ボートレース福岡,福岡県,12:00,18:30,,2026-05-08,http://www.boatrace-fukuoka.com/,false,BOAT RACE公式データから取り込み。ボートレース福岡レストラン和風ダイニングかっぱ杯 / 5/8-5/13 初日,ボートレース福岡の公式発表もあわせて確認してください。
boat-2026-05-08-04,boat,ボートレース平和島,東京都,12:00,18:30,,2026-05-08,https://www.heiwajima.gr.jp/,false,BOAT RACE公式データから取り込み。第２回京急開発グループ杯 / 5/3-5/8 最終日,ボートレース平和島の公式発表もあわせて確認してください。
boat-2026-05-08-14,boat,ボートレース鳴門,徳島県,08:30,14:30,,2026-05-08,http://www.n14.jp/,false,BOAT RACE公式データから取り込み。日本モーターボート選手会会長杯競走 / 5/8-5/13 初日,ボートレース鳴門の公式発表もあわせて確認してください。
boat-2026-05-09-11,boat,ボートレースびわこ,滋賀県,10:30,16:30,,2026-05-09,https://www.boatrace-biwako.jp/,false,BOAT RACE公式データから取り込み。サンケイスポーツ杯争奪 第４８回さざなみ賞 / 5/9-5/14 初日,ボートレースびわこの公式発表もあわせて確認してください。
boat-2026-05-09-21,boat,ボートレース芦屋,福岡県,08:30,14:30,,2026-05-09,https://www.boatrace-ashiya.com/,false,BOAT RACE公式データから取り込み。日本トーター杯 / 5/6-5/10 ４日目,ボートレース芦屋の公式発表もあわせて確認してください。
boat-2026-05-09-15,boat,ボートレース丸亀,香川県,15:00,20:50,,2026-05-09,https://www.marugameboat.jp/,true,BOAT RACE公式データから取り込み。第１１回レディースオールスター / 5/5-5/10 ５日目,ボートレース丸亀の公式発表もあわせて確認してください。
boat-2026-05-09-20,boat,ボートレース若松,福岡県,15:00,20:50,,2026-05-09,https://www.wmb.jp/,true,BOAT RACE公式データから取り込み。トータルプロデュースカップ / 5/9-5/12 初日,ボートレース若松の公式発表もあわせて確認してください。
boat-2026-05-09-05,boat,ボートレース多摩川,東京都,12:00,18:30,,2026-05-09,http://www.boatrace-tamagawa.com/,false,BOAT RACE公式データから取り込み。第２１回マンスリーＢＯＡＴＲＡＣＥ杯 / 5/6-5/11 ４日目,ボートレース多摩川の公式発表もあわせて確認してください。
boat-2026-05-09-24,boat,ボートレース大村,長崎県,15:00,20:50,,2026-05-09,http://omurakyotei.jp/index.php,true,BOAT RACE公式データから取り込み。長崎新聞社杯 / 5/7-5/11 ３日目,ボートレース大村の公式発表もあわせて確認してください。
boat-2026-05-09-09,boat,ボートレース津,三重県,10:30,16:30,,2026-05-09,http://www.boatrace-tsu.com/,false,BOAT RACE公式データから取り込み。三交マキシーカップ / 5/9-5/14 初日,ボートレース津の公式発表もあわせて確認してください。
boat-2026-05-09-18,boat,ボートレース徳山,山口県,08:30,14:30,,2026-05-09,http://www.boatrace-tokuyama.jp/,false,BOAT RACE公式データから取り込み。ニッカン・コム杯争奪戦 / 5/5-5/9 最終日,ボートレース徳山の公式発表もあわせて確認してください。
boat-2026-05-09-13,boat,ボートレース尼崎,兵庫県,10:30,16:30,,2026-05-09,https://www.boatrace-amagasaki.jp/,false,BOAT RACE公式データから取り込み。第５８回報知金杯争奪 六甲賞競走 / 5/4-5/9 最終日,ボートレース尼崎の公式発表もあわせて確認してください。
boat-2026-05-09-22,boat,ボートレース福岡,福岡県,12:00,18:30,,2026-05-09,http://www.boatrace-fukuoka.com/,false,BOAT RACE公式データから取り込み。ボートレース福岡レストラン和風ダイニングかっぱ杯 / 5/8-5/13 ２日目,ボートレース福岡の公式発表もあわせて確認してください。
boat-2026-05-09-14,boat,ボートレース鳴門,徳島県,08:30,14:30,,2026-05-09,http://www.n14.jp/,false,BOAT RACE公式データから取り込み。日本モーターボート選手会会長杯競走 / 5/8-5/13 ２日目,ボートレース鳴門の公式発表もあわせて確認してください。
boat-2026-05-10-11,boat,ボートレースびわこ,滋賀県,10:30,16:30,,2026-05-10,https://www.boatrace-biwako.jp/,false,BOAT RACE公式データから取り込み。サンケイスポーツ杯争奪 第４８回さざなみ賞 / 5/9-5/14 ２日目,ボートレースびわこの公式発表もあわせて確認してください。
boat-2026-05-10-21,boat,ボートレース芦屋,福岡県,08:30,14:30,,2026-05-10,https://www.boatrace-ashiya.com/,false,BOAT RACE公式データから取り込み。日本トーター杯 / 5/6-5/10 最終日,ボートレース芦屋の公式発表もあわせて確認してください。
boat-2026-05-10-15,boat,ボートレース丸亀,香川県,15:00,20:50,,2026-05-10,https://www.marugameboat.jp/,true,BOAT RACE公式データから取り込み。第１１回レディースオールスター / 5/5-5/10 最終日,ボートレース丸亀の公式発表もあわせて確認してください。
boat-2026-05-10-16,boat,ボートレース児島,岡山県,10:30,16:30,,2026-05-10,https://www.kojimaboat.jp/,false,BOAT RACE公式データから取り込み。第１５回住信ＳＢＩネット銀行賞 / 5/10-5/15 初日,ボートレース児島の公式発表もあわせて確認してください。
boat-2026-05-10-20,boat,ボートレース若松,福岡県,15:00,20:50,,2026-05-10,https://www.wmb.jp/,true,BOAT RACE公式データから取り込み。トータルプロデュースカップ / 5/9-5/12 ２日目,ボートレース若松の公式発表もあわせて確認してください。
boat-2026-05-10-05,boat,ボートレース多摩川,東京都,12:00,18:30,,2026-05-10,http://www.boatrace-tamagawa.com/,false,BOAT RACE公式データから取り込み。第２１回マンスリーＢＯＡＴＲＡＣＥ杯 / 5/6-5/11 ５日目,ボートレース多摩川の公式発表もあわせて確認してください。
boat-2026-05-10-24,boat,ボートレース大村,長崎県,15:00,20:50,,2026-05-10,http://omurakyotei.jp/index.php,true,BOAT RACE公式データから取り込み。長崎新聞社杯 / 5/7-5/11 ４日目,ボートレース大村の公式発表もあわせて確認してください。
boat-2026-05-10-09,boat,ボートレース津,三重県,10:30,16:30,,2026-05-10,http://www.boatrace-tsu.com/,false,BOAT RACE公式データから取り込み。三交マキシーカップ / 5/9-5/14 ２日目,ボートレース津の公式発表もあわせて確認してください。
boat-2026-05-10-23,boat,ボートレース唐津,佐賀県,08:30,14:30,,2026-05-10,http://www.boatrace-karatsu.jp/,false,BOAT RACE公式データから取り込み。唐津ミニット開設２２周年記念 / 5/10-5/14 初日,ボートレース唐津の公式発表もあわせて確認してください。
boat-2026-05-10-22,boat,ボートレース福岡,福岡県,12:00,18:30,,2026-05-10,http://www.boatrace-fukuoka.com/,false,BOAT RACE公式データから取り込み。ボートレース福岡レストラン和風ダイニングかっぱ杯 / 5/8-5/13 ３日目,ボートレース福岡の公式発表もあわせて確認してください。
boat-2026-05-10-14,boat,ボートレース鳴門,徳島県,08:30,14:30,,2026-05-10,http://www.n14.jp/,false,BOAT RACE公式データから取り込み。日本モーターボート選手会会長杯競走 / 5/8-5/13 ３日目,ボートレース鳴門の公式発表もあわせて確認してください。
boat-2026-05-11-11,boat,ボートレースびわこ,滋賀県,10:30,16:30,,2026-05-11,https://www.boatrace-biwako.jp/,false,BOAT RACE公式データから取り込み。サンケイスポーツ杯争奪 第４８回さざなみ賞 / 5/9-5/14 ３日目,ボートレースびわこの公式発表もあわせて確認してください。
boat-2026-05-11-03,boat,ボートレース江戸川,東京都,10:30,16:30,,2026-05-11,http://www.boatrace-edogawa.com/,false,BOAT RACE公式データから取り込み。開催日程,ボートレース江戸川の公式発表もあわせて確認してください。
boat-2026-05-11-16,boat,ボートレース児島,岡山県,10:30,16:30,,2026-05-11,https://www.kojimaboat.jp/,false,BOAT RACE公式データから取り込み。第１５回住信ＳＢＩネット銀行賞 / 5/10-5/15 ２日目,ボートレース児島の公式発表もあわせて確認してください。
boat-2026-05-11-20,boat,ボートレース若松,福岡県,15:00,20:50,,2026-05-11,https://www.wmb.jp/,true,BOAT RACE公式データから取り込み。トータルプロデュースカップ / 5/9-5/12 ３日目,ボートレース若松の公式発表もあわせて確認してください。
boat-2026-05-11-12,boat,ボートレース住之江,大阪府,15:00,20:50,,2026-05-11,https://www.boatrace-suminoe.jp/,true,BOAT RACE公式データから取り込み。寝屋川市制７５周年記念競走 / 5/11-5/14 初日,ボートレース住之江の公式発表もあわせて確認してください。
boat-2026-05-11-08,boat,ボートレース常滑,愛知県,10:30,16:30,,2026-05-11,http://www.boatrace-tokoname.jp/,false,BOAT RACE公式データから取り込み。ＩＮＡＸ杯争奪第３８回とこなめ大賞 / 5/11-5/15 初日,ボートレース常滑の公式発表もあわせて確認してください。
boat-2026-05-11-05,boat,ボートレース多摩川,東京都,12:00,18:30,,2026-05-11,http://www.boatrace-tamagawa.com/,false,BOAT RACE公式データから取り込み。第２１回マンスリーＢＯＡＴＲＡＣＥ杯 / 5/6-5/11 最終日,ボートレース多摩川の公式発表もあわせて確認してください。
boat-2026-05-11-24,boat,ボートレース大村,長崎県,15:00,20:50,,2026-05-11,http://omurakyotei.jp/index.php,true,BOAT RACE公式データから取り込み。長崎新聞社杯 / 5/7-5/11 最終日,ボートレース大村の公式発表もあわせて確認してください。
boat-2026-05-11-09,boat,ボートレース津,三重県,10:30,16:30,,2026-05-11,http://www.boatrace-tsu.com/,false,BOAT RACE公式データから取り込み。三交マキシーカップ / 5/9-5/14 ３日目,ボートレース津の公式発表もあわせて確認してください。
boat-2026-05-11-23,boat,ボートレース唐津,佐賀県,08:30,14:30,,2026-05-11,http://www.boatrace-karatsu.jp/,false,BOAT RACE公式データから取り込み。唐津ミニット開設２２周年記念 / 5/10-5/14 ２日目,ボートレース唐津の公式発表もあわせて確認してください。
boat-2026-05-11-22,boat,ボートレース福岡,福岡県,12:00,18:30,,2026-05-11,http://www.boatrace-fukuoka.com/,false,BOAT RACE公式データから取り込み。ボートレース福岡レストラン和風ダイニングかっぱ杯 / 5/8-5/13 ４日目,ボートレース福岡の公式発表もあわせて確認してください。
boat-2026-05-11-14,boat,ボートレース鳴門,徳島県,08:30,14:30,,2026-05-11,http://www.n14.jp/,false,BOAT RACE公式データから取り込み。日本モーターボート選手会会長杯競走 / 5/8-5/13 ４日目,ボートレース鳴門の公式発表もあわせて確認してください。
boat-2026-05-12-11,boat,ボートレースびわこ,滋賀県,10:30,16:30,,2026-05-12,https://www.boatrace-biwako.jp/,false,BOAT RACE公式データから取り込み。サンケイスポーツ杯争奪 第４８回さざなみ賞 / 5/9-5/14 ４日目,ボートレースびわこの公式発表もあわせて確認してください。
boat-2026-05-12-07,boat,ボートレース蒲郡,愛知県,15:00,20:50,,2026-05-12,http://www.gamagori-kyotei.com/,true,BOAT RACE公式データから取り込み。ＶＳ第３戦 ムーンライトプリンセス決定戦 / 5/12-5/17 初日,ボートレース蒲郡の公式発表もあわせて確認してください。
boat-2026-05-12-01,boat,ボートレース桐生,群馬県,15:00,20:50,,2026-05-12,https://www.kiryu-kyotei.com/,true,BOAT RACE公式データから取り込み。第５９回サンケイスポーツ杯 / 5/12-5/16 初日,ボートレース桐生の公式発表もあわせて確認してください。
boat-2026-05-12-03,boat,ボートレース江戸川,東京都,10:30,16:30,,2026-05-12,http://www.boatrace-edogawa.com/,false,BOAT RACE公式データから取り込み。江戸川６３４杯 モーターボート大賞 / 5/11-5/16 ２日目,ボートレース江戸川の公式発表もあわせて確認してください。
boat-2026-05-12-16,boat,ボートレース児島,岡山県,10:30,16:30,,2026-05-12,https://www.kojimaboat.jp/,false,BOAT RACE公式データから取り込み。第１５回住信ＳＢＩネット銀行賞 / 5/10-5/15 ３日目,ボートレース児島の公式発表もあわせて確認してください。
boat-2026-05-12-20,boat,ボートレース若松,福岡県,15:00,20:50,,2026-05-12,https://www.wmb.jp/,true,BOAT RACE公式データから取り込み。トータルプロデュースカップ / 5/9-5/12 最終日,ボートレース若松の公式発表もあわせて確認してください。
boat-2026-05-12-12,boat,ボートレース住之江,大阪府,15:00,20:50,,2026-05-12,https://www.boatrace-suminoe.jp/,true,BOAT RACE公式データから取り込み。寝屋川市制７５周年記念競走 / 5/11-5/14 ２日目,ボートレース住之江の公式発表もあわせて確認してください。
boat-2026-05-12-08,boat,ボートレース常滑,愛知県,10:30,16:30,,2026-05-12,http://www.boatrace-tokoname.jp/,false,BOAT RACE公式データから取り込み。ＩＮＡＸ杯争奪第３８回とこなめ大賞 / 5/11-5/15 ２日目,ボートレース常滑の公式発表もあわせて確認してください。
boat-2026-05-12-09,boat,ボートレース津,三重県,10:30,16:30,,2026-05-12,http://www.boatrace-tsu.com/,false,BOAT RACE公式データから取り込み。三交マキシーカップ / 5/9-5/14 ４日目,ボートレース津の公式発表もあわせて確認してください。
boat-2026-05-12-23,boat,ボートレース唐津,佐賀県,08:30,14:30,,2026-05-12,http://www.boatrace-karatsu.jp/,false,BOAT RACE公式データから取り込み。唐津ミニット開設２２周年記念 / 5/10-5/14 ３日目,ボートレース唐津の公式発表もあわせて確認してください。
boat-2026-05-12-18,boat,ボートレース徳山,山口県,08:30,14:30,,2026-05-12,http://www.boatrace-tokuyama.jp/,false,BOAT RACE公式データから取り込み。防長交通杯争奪戦 / 5/12-5/15 初日,ボートレース徳山の公式発表もあわせて確認してください。
boat-2026-05-12-22,boat,ボートレース福岡,福岡県,12:00,18:30,,2026-05-12,http://www.boatrace-fukuoka.com/,false,BOAT RACE公式データから取り込み。ボートレース福岡レストラン和風ダイニングかっぱ杯 / 5/8-5/13 ５日目,ボートレース福岡の公式発表もあわせて確認してください。
boat-2026-05-12-04,boat,ボートレース平和島,東京都,12:00,18:30,,2026-05-12,https://www.heiwajima.gr.jp/,false,BOAT RACE公式データから取り込み。ＢＯＡＴＢｏｙカップ / 5/12-5/16 初日,ボートレース平和島の公式発表もあわせて確認してください。
boat-2026-05-12-14,boat,ボートレース鳴門,徳島県,08:30,14:30,,2026-05-12,http://www.n14.jp/,false,BOAT RACE公式データから取り込み。日本モーターボート選手会会長杯競走 / 5/8-5/13 ５日目,ボートレース鳴門の公式発表もあわせて確認してください。
boat-2026-05-13-11,boat,ボートレースびわこ,滋賀県,10:30,16:30,,2026-05-13,https://www.boatrace-biwako.jp/,false,BOAT RACE公式データから取り込み。サンケイスポーツ杯争奪 第４８回さざなみ賞 / 5/9-5/14 ５日目,ボートレースびわこの公式発表もあわせて確認してください。
boat-2026-05-13-19,boat,ボートレース下関,山口県,15:00,20:50,,2026-05-13,https://www.boatrace-shimonoseki.jp/,true,BOAT RACE公式データから取り込み。ルーキーシリーズ第１０戦スカパー！ＪＬＣ杯争奪 / 5/13-5/18 初日,ボートレース下関の公式発表もあわせて確認してください。
boat-2026-05-13-07,boat,ボートレース蒲郡,愛知県,15:00,20:50,,2026-05-13,http://www.gamagori-kyotei.com/,true,BOAT RACE公式データから取り込み。ＶＳ第３戦 ムーンライトプリンセス決定戦 / 5/12-5/17 ２日目,ボートレース蒲郡の公式発表もあわせて確認してください。
boat-2026-05-13-01,boat,ボートレース桐生,群馬県,15:00,20:50,,2026-05-13,https://www.kiryu-kyotei.com/,true,BOAT RACE公式データから取り込み。第５９回サンケイスポーツ杯 / 5/12-5/16 ２日目,ボートレース桐生の公式発表もあわせて確認してください。
boat-2026-05-13-03,boat,ボートレース江戸川,東京都,10:30,16:30,,2026-05-13,http://www.boatrace-edogawa.com/,false,BOAT RACE公式データから取り込み。江戸川６３４杯 モーターボート大賞 / 5/11-5/16 ３日目,ボートレース江戸川の公式発表もあわせて確認してください。
boat-2026-05-13-16,boat,ボートレース児島,岡山県,10:30,16:30,,2026-05-13,https://www.kojimaboat.jp/,false,BOAT RACE公式データから取り込み。第１５回住信ＳＢＩネット銀行賞 / 5/10-5/15 ４日目,ボートレース児島の公式発表もあわせて確認してください。
boat-2026-05-13-12,boat,ボートレース住之江,大阪府,15:00,20:50,,2026-05-13,https://www.boatrace-suminoe.jp/,true,BOAT RACE公式データから取り込み。寝屋川市制７５周年記念競走 / 5/11-5/14 ３日目,ボートレース住之江の公式発表もあわせて確認してください。
boat-2026-05-13-08,boat,ボートレース常滑,愛知県,10:30,16:30,,2026-05-13,http://www.boatrace-tokoname.jp/,false,BOAT RACE公式データから取り込み。ＩＮＡＸ杯争奪第３８回とこなめ大賞 / 5/11-5/15 ３日目,ボートレース常滑の公式発表もあわせて確認してください。
boat-2026-05-13-09,boat,ボートレース津,三重県,10:30,16:30,,2026-05-13,http://www.boatrace-tsu.com/,false,BOAT RACE公式データから取り込み。三交マキシーカップ / 5/9-5/14 ５日目,ボートレース津の公式発表もあわせて確認してください。
boat-2026-05-13-23,boat,ボートレース唐津,佐賀県,08:30,14:30,,2026-05-13,http://www.boatrace-karatsu.jp/,false,BOAT RACE公式データから取り込み。唐津ミニット開設２２周年記念 / 5/10-5/14 ４日目,ボートレース唐津の公式発表もあわせて確認してください。
boat-2026-05-13-18,boat,ボートレース徳山,山口県,08:30,14:30,,2026-05-13,http://www.boatrace-tokuyama.jp/,false,BOAT RACE公式データから取り込み。防長交通杯争奪戦 / 5/12-5/15 ２日目,ボートレース徳山の公式発表もあわせて確認してください。
boat-2026-05-13-22,boat,ボートレース福岡,福岡県,12:00,18:30,,2026-05-13,http://www.boatrace-fukuoka.com/,false,BOAT RACE公式データから取り込み。ボートレース福岡レストラン和風ダイニングかっぱ杯 / 5/8-5/13 最終日,ボートレース福岡の公式発表もあわせて確認してください。
boat-2026-05-13-04,boat,ボートレース平和島,東京都,12:00,18:30,,2026-05-13,https://www.heiwajima.gr.jp/,false,BOAT RACE公式データから取り込み。ＢＯＡＴＢｏｙカップ / 5/12-5/16 ２日目,ボートレース平和島の公式発表もあわせて確認してください。
boat-2026-05-13-14,boat,ボートレース鳴門,徳島県,08:30,14:30,,2026-05-13,http://www.n14.jp/,false,BOAT RACE公式データから取り込み。日本モーターボート選手会会長杯競走 / 5/8-5/13 最終日,ボートレース鳴門の公式発表もあわせて確認してください。
boat-2026-05-14-11,boat,ボートレースびわこ,滋賀県,10:30,16:30,,2026-05-14,https://www.boatrace-biwako.jp/,false,BOAT RACE公式データから取り込み。サンケイスポーツ杯争奪 第４８回さざなみ賞 / 5/9-5/14 最終日,ボートレースびわこの公式発表もあわせて確認してください。
boat-2026-05-14-19,boat,ボートレース下関,山口県,15:00,20:50,,2026-05-14,https://www.boatrace-shimonoseki.jp/,true,BOAT RACE公式データから取り込み。ルーキーシリーズ第１０戦スカパー！ＪＬＣ杯争奪 / 5/13-5/18 ２日目,ボートレース下関の公式発表もあわせて確認してください。
boat-2026-05-14-07,boat,ボートレース蒲郡,愛知県,15:00,20:50,,2026-05-14,http://www.gamagori-kyotei.com/,true,BOAT RACE公式データから取り込み。ＶＳ第３戦 ムーンライトプリンセス決定戦 / 5/12-5/17 ３日目,ボートレース蒲郡の公式発表もあわせて確認してください。
boat-2026-05-14-01,boat,ボートレース桐生,群馬県,15:00,20:50,,2026-05-14,https://www.kiryu-kyotei.com/,true,BOAT RACE公式データから取り込み。第５９回サンケイスポーツ杯 / 5/12-5/16 ３日目,ボートレース桐生の公式発表もあわせて確認してください。
boat-2026-05-14-02,boat,ボートレース戸田,埼玉県,10:30,16:30,,2026-05-14,http://www.boatrace-toda.jp/,false,BOAT RACE公式データから取り込み。第４２回日本モーターボート選手会カップ / 5/14-5/19 初日,ボートレース戸田の公式発表もあわせて確認してください。
boat-2026-05-14-03,boat,ボートレース江戸川,東京都,10:30,16:30,,2026-05-14,http://www.boatrace-edogawa.com/,false,BOAT RACE公式データから取り込み。江戸川６３４杯 モーターボート大賞 / 5/11-5/16 ４日目,ボートレース江戸川の公式発表もあわせて確認してください。
boat-2026-05-14-10,boat,ボートレース三国,福井県,08:30,14:30,,2026-05-14,https://www.boatrace-mikuni.jp/,false,BOAT RACE公式データから取り込み。道の駅みくに・ふれあいパーク三里浜杯 / 5/14-5/18 初日,ボートレース三国の公式発表もあわせて確認してください。
boat-2026-05-14-16,boat,ボートレース児島,岡山県,10:30,16:30,,2026-05-14,https://www.kojimaboat.jp/,false,BOAT RACE公式データから取り込み。第１５回住信ＳＢＩネット銀行賞 / 5/10-5/15 ５日目,ボートレース児島の公式発表もあわせて確認してください。
boat-2026-05-14-12,boat,ボートレース住之江,大阪府,15:00,20:50,,2026-05-14,https://www.boatrace-suminoe.jp/,true,BOAT RACE公式データから取り込み。寝屋川市制７５周年記念競走 / 5/11-5/14 最終日,ボートレース住之江の公式発表もあわせて確認してください。
boat-2026-05-14-08,boat,ボートレース常滑,愛知県,10:30,16:30,,2026-05-14,http://www.boatrace-tokoname.jp/,false,BOAT RACE公式データから取り込み。ＩＮＡＸ杯争奪第３８回とこなめ大賞 / 5/11-5/15 ４日目,ボートレース常滑の公式発表もあわせて確認してください。
boat-2026-05-14-09,boat,ボートレース津,三重県,10:30,16:30,,2026-05-14,http://www.boatrace-tsu.com/,false,BOAT RACE公式データから取り込み。三交マキシーカップ / 5/9-5/14 最終日,ボートレース津の公式発表もあわせて確認してください。
boat-2026-05-14-23,boat,ボートレース唐津,佐賀県,08:30,14:30,,2026-05-14,http://www.boatrace-karatsu.jp/,false,BOAT RACE公式データから取り込み。唐津ミニット開設２２周年記念 / 5/10-5/14 最終日,ボートレース唐津の公式発表もあわせて確認してください。
boat-2026-05-14-18,boat,ボートレース徳山,山口県,08:30,14:30,,2026-05-14,http://www.boatrace-tokuyama.jp/,false,BOAT RACE公式データから取り込み。防長交通杯争奪戦 / 5/12-5/15 ３日目,ボートレース徳山の公式発表もあわせて確認してください。
boat-2026-05-14-04,boat,ボートレース平和島,東京都,12:00,18:30,,2026-05-14,https://www.heiwajima.gr.jp/,false,BOAT RACE公式データから取り込み。ＢＯＡＴＢｏｙカップ / 5/12-5/16 ３日目,ボートレース平和島の公式発表もあわせて確認してください。
boat-2026-05-15-21,boat,ボートレース芦屋,福岡県,10:30,16:30,,2026-05-15,https://www.boatrace-ashiya.com/,false,BOAT RACE公式データから取り込み。読売新聞社杯全日本王座決定戦開設７４周年記念 / 5/15-5/20 初日,ボートレース芦屋の公式発表もあわせて確認してください。
boat-2026-05-15-19,boat,ボートレース下関,山口県,15:00,20:50,,2026-05-15,https://www.boatrace-shimonoseki.jp/,true,BOAT RACE公式データから取り込み。ルーキーシリーズ第１０戦スカパー！ＪＬＣ杯争奪 / 5/13-5/18 ３日目,ボートレース下関の公式発表もあわせて確認してください。
boat-2026-05-15-07,boat,ボートレース蒲郡,愛知県,15:00,20:50,,2026-05-15,http://www.gamagori-kyotei.com/,true,BOAT RACE公式データから取り込み。ＶＳ第３戦 ムーンライトプリンセス決定戦 / 5/12-5/17 ４日目,ボートレース蒲郡の公式発表もあわせて確認してください。
boat-2026-05-15-01,boat,ボートレース桐生,群馬県,15:00,20:50,,2026-05-15,https://www.kiryu-kyotei.com/,true,BOAT RACE公式データから取り込み。第５９回サンケイスポーツ杯 / 5/12-5/16 ４日目,ボートレース桐生の公式発表もあわせて確認してください。
boat-2026-05-15-02,boat,ボートレース戸田,埼玉県,10:30,16:30,,2026-05-15,http://www.boatrace-toda.jp/,false,BOAT RACE公式データから取り込み。第４２回日本モーターボート選手会カップ / 5/14-5/19 ２日目,ボートレース戸田の公式発表もあわせて確認してください。
boat-2026-05-15-03,boat,ボートレース江戸川,東京都,10:30,16:30,,2026-05-15,http://www.boatrace-edogawa.com/,false,BOAT RACE公式データから取り込み。江戸川６３４杯 モーターボート大賞 / 5/11-5/16 ５日目,ボートレース江戸川の公式発表もあわせて確認してください。
boat-2026-05-15-10,boat,ボートレース三国,福井県,08:30,14:30,,2026-05-15,https://www.boatrace-mikuni.jp/,false,BOAT RACE公式データから取り込み。道の駅みくに・ふれあいパーク三里浜杯 / 5/14-5/18 ２日目,ボートレース三国の公式発表もあわせて確認してください。
boat-2026-05-15-16,boat,ボートレース児島,岡山県,10:30,16:30,,2026-05-15,https://www.kojimaboat.jp/,false,BOAT RACE公式データから取り込み。第１５回住信ＳＢＩネット銀行賞 / 5/10-5/15 最終日,ボートレース児島の公式発表もあわせて確認してください。
boat-2026-05-15-20,boat,ボートレース若松,福岡県,17:00,23:30,,2026-05-15,https://www.wmb.jp/,true,BOAT RACE公式データから取り込み。ＭＮＢＲ若松１ｓｔマンスリーＢＯＡＴＲＡＣＥ杯 / 5/15-5/20 初日,ボートレース若松の公式発表もあわせて確認してください。
boat-2026-05-15-08,boat,ボートレース常滑,愛知県,10:30,16:30,,2026-05-15,http://www.boatrace-tokoname.jp/,false,BOAT RACE公式データから取り込み。ＩＮＡＸ杯争奪第３８回とこなめ大賞 / 5/11-5/15 最終日,ボートレース常滑の公式発表もあわせて確認してください。
boat-2026-05-15-18,boat,ボートレース徳山,山口県,08:30,14:30,,2026-05-15,http://www.boatrace-tokuyama.jp/,false,BOAT RACE公式データから取り込み。防長交通杯争奪戦 / 5/12-5/15 最終日,ボートレース徳山の公式発表もあわせて確認してください。
boat-2026-05-15-13,boat,ボートレース尼崎,兵庫県,10:30,16:30,,2026-05-15,https://www.boatrace-amagasaki.jp/,false,BOAT RACE公式データから取り込み。開催日程,ボートレース尼崎の公式発表もあわせて確認してください。
boat-2026-05-15-04,boat,ボートレース平和島,東京都,12:00,18:30,,2026-05-15,https://www.heiwajima.gr.jp/,false,BOAT RACE公式データから取り込み。ＢＯＡＴＢｏｙカップ / 5/12-5/16 ４日目,ボートレース平和島の公式発表もあわせて確認してください。
boat-2026-05-16-21,boat,ボートレース芦屋,福岡県,10:30,16:30,,2026-05-16,https://www.boatrace-ashiya.com/,false,BOAT RACE公式データから取り込み。読売新聞社杯全日本王座決定戦開設７４周年記念 / 5/15-5/20 ２日目,ボートレース芦屋の公式発表もあわせて確認してください。
boat-2026-05-16-19,boat,ボートレース下関,山口県,15:00,20:50,,2026-05-16,https://www.boatrace-shimonoseki.jp/,true,BOAT RACE公式データから取り込み。ルーキーシリーズ第１０戦スカパー！ＪＬＣ杯争奪 / 5/13-5/18 ４日目,ボートレース下関の公式発表もあわせて確認してください。
boat-2026-05-16-07,boat,ボートレース蒲郡,愛知県,15:00,20:50,,2026-05-16,http://www.gamagori-kyotei.com/,true,BOAT RACE公式データから取り込み。ＶＳ第３戦 ムーンライトプリンセス決定戦 / 5/12-5/17 ５日目,ボートレース蒲郡の公式発表もあわせて確認してください。
boat-2026-05-16-17,boat,ボートレース宮島,広島県,10:30,16:30,,2026-05-16,https://www.boatrace-miyajima.com/,false,BOAT RACE公式データから取り込み。サントリー杯 / 5/16-5/21 初日,ボートレース宮島の公式発表もあわせて確認してください。
boat-2026-05-16-01,boat,ボートレース桐生,群馬県,15:00,20:50,,2026-05-16,https://www.kiryu-kyotei.com/,true,BOAT RACE公式データから取り込み。第５９回サンケイスポーツ杯 / 5/12-5/16 最終日,ボートレース桐生の公式発表もあわせて確認してください。
boat-2026-05-16-02,boat,ボートレース戸田,埼玉県,10:30,16:30,,2026-05-16,http://www.boatrace-toda.jp/,false,BOAT RACE公式データから取り込み。第４２回日本モーターボート選手会カップ / 5/14-5/19 ３日目,ボートレース戸田の公式発表もあわせて確認してください。
boat-2026-05-16-03,boat,ボートレース江戸川,東京都,10:30,16:30,,2026-05-16,http://www.boatrace-edogawa.com/,false,BOAT RACE公式データから取り込み。江戸川６３４杯 モーターボート大賞 / 5/11-5/16 最終日,ボートレース江戸川の公式発表もあわせて確認してください。
boat-2026-05-16-10,boat,ボートレース三国,福井県,08:30,14:30,,2026-05-16,https://www.boatrace-mikuni.jp/,false,BOAT RACE公式データから取り込み。道の駅みくに・ふれあいパーク三里浜杯 / 5/14-5/18 ３日目,ボートレース三国の公式発表もあわせて確認してください。
boat-2026-05-16-20,boat,ボートレース若松,福岡県,17:00,23:30,,2026-05-16,https://www.wmb.jp/,true,BOAT RACE公式データから取り込み。ＭＮＢＲ若松１ｓｔマンスリーＢＯＡＴＲＡＣＥ杯 / 5/15-5/20 ２日目,ボートレース若松の公式発表もあわせて確認してください。
boat-2026-05-16-13,boat,ボートレース尼崎,兵庫県,10:30,16:30,,2026-05-16,https://www.boatrace-amagasaki.jp/,false,BOAT RACE公式データから取り込み。開催日程,ボートレース尼崎の公式発表もあわせて確認してください。
boat-2026-05-16-06,boat,ボートレース浜名湖,静岡県,12:00,18:30,,2026-05-16,https://www.boatrace-hamanako.jp/,false,BOAT RACE公式データから取り込み。日伯友好記念 ブラジル杯 / 5/16-5/19 初日,ボートレース浜名湖の公式発表もあわせて確認してください。
boat-2026-05-16-04,boat,ボートレース平和島,東京都,12:00,18:30,,2026-05-16,https://www.heiwajima.gr.jp/,false,BOAT RACE公式データから取り込み。ＢＯＡＴＢｏｙカップ / 5/12-5/16 最終日,ボートレース平和島の公式発表もあわせて確認してください。
boat-2026-05-16-14,boat,ボートレース鳴門,徳島県,08:30,14:30,,2026-05-16,http://www.n14.jp/,false,BOAT RACE公式データから取り込み。スマホのアプリ「Ｎｏｖｉｌ★ラボ！」杯競走 / 5/16-5/21 初日,ボートレース鳴門の公式発表もあわせて確認してください。
boat-2026-05-17-21,boat,ボートレース芦屋,福岡県,10:30,16:30,,2026-05-17,https://www.boatrace-ashiya.com/,false,BOAT RACE公式データから取り込み。読売新聞社杯全日本王座決定戦開設７４周年記念 / 5/15-5/20 ３日目,ボートレース芦屋の公式発表もあわせて確認してください。
boat-2026-05-17-19,boat,ボートレース下関,山口県,15:00,20:50,,2026-05-17,https://www.boatrace-shimonoseki.jp/,true,BOAT RACE公式データから取り込み。ルーキーシリーズ第１０戦スカパー！ＪＬＣ杯争奪 / 5/13-5/18 ５日目,ボートレース下関の公式発表もあわせて確認してください。
boat-2026-05-17-07,boat,ボートレース蒲郡,愛知県,15:00,20:50,,2026-05-17,http://www.gamagori-kyotei.com/,true,BOAT RACE公式データから取り込み。ＶＳ第３戦 ムーンライトプリンセス決定戦 / 5/12-5/17 最終日,ボートレース蒲郡の公式発表もあわせて確認してください。
boat-2026-05-17-15,boat,ボートレース丸亀,香川県,15:00,20:50,,2026-05-17,https://www.marugameboat.jp/,true,BOAT RACE公式データから取り込み。ふじむら杯 / 5/17-5/23 初日,ボートレース丸亀の公式発表もあわせて確認してください。
boat-2026-05-17-17,boat,ボートレース宮島,広島県,10:30,16:30,,2026-05-17,https://www.boatrace-miyajima.com/,false,BOAT RACE公式データから取り込み。サントリー杯 / 5/16-5/21 ２日目,ボートレース宮島の公式発表もあわせて確認してください。
boat-2026-05-17-02,boat,ボートレース戸田,埼玉県,10:30,16:30,,2026-05-17,http://www.boatrace-toda.jp/,false,BOAT RACE公式データから取り込み。第４２回日本モーターボート選手会カップ / 5/14-5/19 ４日目,ボートレース戸田の公式発表もあわせて確認してください。
boat-2026-05-17-10,boat,ボートレース三国,福井県,08:30,14:30,,2026-05-17,https://www.boatrace-mikuni.jp/,false,BOAT RACE公式データから取り込み。道の駅みくに・ふれあいパーク三里浜杯 / 5/14-5/18 ４日目,ボートレース三国の公式発表もあわせて確認してください。
boat-2026-05-17-20,boat,ボートレース若松,福岡県,17:00,23:30,,2026-05-17,https://www.wmb.jp/,true,BOAT RACE公式データから取り込み。ＭＮＢＲ若松１ｓｔマンスリーＢＯＡＴＲＡＣＥ杯 / 5/15-5/20 ３日目,ボートレース若松の公式発表もあわせて確認してください。
boat-2026-05-17-13,boat,ボートレース尼崎,兵庫県,10:30,16:30,,2026-05-17,https://www.boatrace-amagasaki.jp/,false,BOAT RACE公式データから取り込み。開催日程,ボートレース尼崎の公式発表もあわせて確認してください。
boat-2026-05-17-06,boat,ボートレース浜名湖,静岡県,12:00,18:30,,2026-05-17,https://www.boatrace-hamanako.jp/,false,BOAT RACE公式データから取り込み。日伯友好記念 ブラジル杯 / 5/16-5/19 ２日目,ボートレース浜名湖の公式発表もあわせて確認してください。
boat-2026-05-17-14,boat,ボートレース鳴門,徳島県,08:30,14:30,,2026-05-17,http://www.n14.jp/,false,BOAT RACE公式データから取り込み。スマホのアプリ「Ｎｏｖｉｌ★ラボ！」杯競走 / 5/16-5/21 ２日目,ボートレース鳴門の公式発表もあわせて確認してください。
boat-2026-05-18-21,boat,ボートレース芦屋,福岡県,10:30,16:30,,2026-05-18,https://www.boatrace-ashiya.com/,false,BOAT RACE公式データから取り込み。読売新聞社杯全日本王座決定戦開設７４周年記念 / 5/15-5/20 ４日目,ボートレース芦屋の公式発表もあわせて確認してください。
boat-2026-05-18-19,boat,ボートレース下関,山口県,15:00,20:50,,2026-05-18,https://www.boatrace-shimonoseki.jp/,true,BOAT RACE公式データから取り込み。ルーキーシリーズ第１０戦スカパー！ＪＬＣ杯争奪 / 5/13-5/18 最終日,ボートレース下関の公式発表もあわせて確認してください。
boat-2026-05-18-15,boat,ボートレース丸亀,香川県,15:00,20:50,,2026-05-18,https://www.marugameboat.jp/,true,BOAT RACE公式データから取り込み。ふじむら杯 / 5/17-5/23 ２日目,ボートレース丸亀の公式発表もあわせて確認してください。
boat-2026-05-18-17,boat,ボートレース宮島,広島県,10:30,16:30,,2026-05-18,https://www.boatrace-miyajima.com/,false,BOAT RACE公式データから取り込み。サントリー杯 / 5/16-5/21 ３日目,ボートレース宮島の公式発表もあわせて確認してください。
boat-2026-05-18-02,boat,ボートレース戸田,埼玉県,10:30,16:30,,2026-05-18,http://www.boatrace-toda.jp/,false,BOAT RACE公式データから取り込み。第４２回日本モーターボート選手会カップ / 5/14-5/19 ５日目,ボートレース戸田の公式発表もあわせて確認してください。
boat-2026-05-18-10,boat,ボートレース三国,福井県,08:30,14:30,,2026-05-18,https://www.boatrace-mikuni.jp/,false,BOAT RACE公式データから取り込み。道の駅みくに・ふれあいパーク三里浜杯 / 5/14-5/18 最終日,ボートレース三国の公式発表もあわせて確認してください。
boat-2026-05-18-20,boat,ボートレース若松,福岡県,17:00,23:30,,2026-05-18,https://www.wmb.jp/,true,BOAT RACE公式データから取り込み。ＭＮＢＲ若松１ｓｔマンスリーＢＯＡＴＲＡＣＥ杯 / 5/15-5/20 ４日目,ボートレース若松の公式発表もあわせて確認してください。
boat-2026-05-18-18,boat,ボートレース徳山,山口県,08:30,14:30,,2026-05-18,http://www.boatrace-tokuyama.jp/,false,BOAT RACE公式データから取り込み。日刊スポーツ杯争奪徳山オールレディース / 5/18-5/23 初日,ボートレース徳山の公式発表もあわせて確認してください。
boat-2026-05-18-13,boat,ボートレース尼崎,兵庫県,10:30,16:30,,2026-05-18,https://www.boatrace-amagasaki.jp/,false,BOAT RACE公式データから取り込み。開催日程,ボートレース尼崎の公式発表もあわせて確認してください。
boat-2026-05-18-06,boat,ボートレース浜名湖,静岡県,12:00,18:30,,2026-05-18,https://www.boatrace-hamanako.jp/,false,BOAT RACE公式データから取り込み。日伯友好記念 ブラジル杯 / 5/16-5/19 ３日目,ボートレース浜名湖の公式発表もあわせて確認してください。
boat-2026-05-18-14,boat,ボートレース鳴門,徳島県,08:30,14:30,,2026-05-18,http://www.n14.jp/,false,BOAT RACE公式データから取り込み。スマホのアプリ「Ｎｏｖｉｌ★ラボ！」杯競走 / 5/16-5/21 ３日目,ボートレース鳴門の公式発表もあわせて確認してください。
boat-2026-05-19-21,boat,ボートレース芦屋,福岡県,10:30,16:30,,2026-05-19,https://www.boatrace-ashiya.com/,false,BOAT RACE公式データから取り込み。読売新聞社杯全日本王座決定戦開設７４周年記念 / 5/15-5/20 ５日目,ボートレース芦屋の公式発表もあわせて確認してください。
boat-2026-05-19-15,boat,ボートレース丸亀,香川県,15:00,20:50,,2026-05-19,https://www.marugameboat.jp/,true,BOAT RACE公式データから取り込み。ふじむら杯 / 5/17-5/23 ３日目,ボートレース丸亀の公式発表もあわせて確認してください。
boat-2026-05-19-17,boat,ボートレース宮島,広島県,10:30,16:30,,2026-05-19,https://www.boatrace-miyajima.com/,false,BOAT RACE公式データから取り込み。サントリー杯 / 5/16-5/21 ４日目,ボートレース宮島の公式発表もあわせて確認してください。
boat-2026-05-19-01,boat,ボートレース桐生,群馬県,15:00,20:50,,2026-05-19,https://www.kiryu-kyotei.com/,true,BOAT RACE公式データから取り込み。第９回赤城カントリー倶楽部杯 / 5/19-5/24 初日,ボートレース桐生の公式発表もあわせて確認してください。
boat-2026-05-19-02,boat,ボートレース戸田,埼玉県,10:30,16:30,,2026-05-19,http://www.boatrace-toda.jp/,false,BOAT RACE公式データから取り込み。第４２回日本モーターボート選手会カップ / 5/14-5/19 最終日,ボートレース戸田の公式発表もあわせて確認してください。
boat-2026-05-19-16,boat,ボートレース児島,岡山県,10:30,16:30,,2026-05-19,https://www.kojimaboat.jp/,false,BOAT RACE公式データから取り込み。ＢＯＡＴＢｏｙカップ / 5/19-5/23 初日,ボートレース児島の公式発表もあわせて確認してください。
boat-2026-05-19-20,boat,ボートレース若松,福岡県,17:00,23:30,,2026-05-19,https://www.wmb.jp/,true,BOAT RACE公式データから取り込み。ＭＮＢＲ若松１ｓｔマンスリーＢＯＡＴＲＡＣＥ杯 / 5/15-5/20 ５日目,ボートレース若松の公式発表もあわせて確認してください。
boat-2026-05-19-08,boat,ボートレース常滑,愛知県,10:30,16:30,,2026-05-19,http://www.boatrace-tokoname.jp/,false,BOAT RACE公式データから取り込み。にっぽん未来プロジェクト競走ｉｎとこなめ / 5/19-5/24 初日,ボートレース常滑の公式発表もあわせて確認してください。
boat-2026-05-19-18,boat,ボートレース徳山,山口県,08:30,14:30,,2026-05-19,http://www.boatrace-tokuyama.jp/,false,BOAT RACE公式データから取り込み。日刊スポーツ杯争奪徳山オールレディース / 5/18-5/23 ２日目,ボートレース徳山の公式発表もあわせて確認してください。
boat-2026-05-19-06,boat,ボートレース浜名湖,静岡県,12:00,18:30,,2026-05-19,https://www.boatrace-hamanako.jp/,false,BOAT RACE公式データから取り込み。日伯友好記念 ブラジル杯 / 5/16-5/19 最終日,ボートレース浜名湖の公式発表もあわせて確認してください。
boat-2026-05-19-14,boat,ボートレース鳴門,徳島県,08:30,14:30,,2026-05-19,http://www.n14.jp/,false,BOAT RACE公式データから取り込み。スマホのアプリ「Ｎｏｖｉｌ★ラボ！」杯競走 / 5/16-5/21 ４日目,ボートレース鳴門の公式発表もあわせて確認してください。
boat-2026-05-20-11,boat,ボートレースびわこ,滋賀県,10:30,16:30,,2026-05-20,https://www.boatrace-biwako.jp/,false,BOAT RACE公式データから取り込み。第７０回結核予防事業協賛 秩父宮妃記念杯 / 5/20-5/25 初日,ボートレースびわこの公式発表もあわせて確認してください。
boat-2026-05-20-21,boat,ボートレース芦屋,福岡県,10:30,16:30,,2026-05-20,https://www.boatrace-ashiya.com/,false,BOAT RACE公式データから取り込み。読売新聞社杯全日本王座決定戦開設７４周年記念 / 5/15-5/20 最終日,ボートレース芦屋の公式発表もあわせて確認してください。
boat-2026-05-20-15,boat,ボートレース丸亀,香川県,15:00,20:50,,2026-05-20,https://www.marugameboat.jp/,true,BOAT RACE公式データから取り込み。ふじむら杯 / 5/17-5/23 ４日目,ボートレース丸亀の公式発表もあわせて確認してください。
boat-2026-05-20-17,boat,ボートレース宮島,広島県,10:30,16:30,,2026-05-20,https://www.boatrace-miyajima.com/,false,BOAT RACE公式データから取り込み。サントリー杯 / 5/16-5/21 ５日目,ボートレース宮島の公式発表もあわせて確認してください。
boat-2026-05-20-01,boat,ボートレース桐生,群馬県,15:00,20:50,,2026-05-20,https://www.kiryu-kyotei.com/,true,BOAT RACE公式データから取り込み。第９回赤城カントリー倶楽部杯 / 5/19-5/24 ２日目,ボートレース桐生の公式発表もあわせて確認してください。
boat-2026-05-20-16,boat,ボートレース児島,岡山県,10:30,16:30,,2026-05-20,https://www.kojimaboat.jp/,false,BOAT RACE公式データから取り込み。ＢＯＡＴＢｏｙカップ / 5/19-5/23 ２日目,ボートレース児島の公式発表もあわせて確認してください。
boat-2026-05-20-20,boat,ボートレース若松,福岡県,17:00,23:30,,2026-05-20,https://www.wmb.jp/,true,BOAT RACE公式データから取り込み。ＭＮＢＲ若松１ｓｔマンスリーＢＯＡＴＲＡＣＥ杯 / 5/15-5/20 最終日,ボートレース若松の公式発表もあわせて確認してください。
boat-2026-05-20-08,boat,ボートレース常滑,愛知県,10:30,16:30,,2026-05-20,http://www.boatrace-tokoname.jp/,false,BOAT RACE公式データから取り込み。にっぽん未来プロジェクト競走ｉｎとこなめ / 5/19-5/24 ２日目,ボートレース常滑の公式発表もあわせて確認してください。
boat-2026-05-20-05,boat,ボートレース多摩川,東京都,12:00,18:30,,2026-05-20,http://www.boatrace-tamagawa.com/,false,BOAT RACE公式データから取り込み。第２１回日刊ゲンダイ杯 / 5/20-5/25 初日,ボートレース多摩川の公式発表もあわせて確認してください。
boat-2026-05-20-09,boat,ボートレース津,三重県,10:30,16:30,,2026-05-20,http://www.boatrace-tsu.com/,false,BOAT RACE公式データから取り込み。日刊スポーツちどり杯争奪戦 / 5/20-5/25 初日,ボートレース津の公式発表もあわせて確認してください。
boat-2026-05-20-18,boat,ボートレース徳山,山口県,08:30,14:30,,2026-05-20,http://www.boatrace-tokuyama.jp/,false,BOAT RACE公式データから取り込み。日刊スポーツ杯争奪徳山オールレディース / 5/18-5/23 ３日目,ボートレース徳山の公式発表もあわせて確認してください。
boat-2026-05-20-14,boat,ボートレース鳴門,徳島県,08:30,14:30,,2026-05-20,http://www.n14.jp/,false,BOAT RACE公式データから取り込み。スマホのアプリ「Ｎｏｖｉｌ★ラボ！」杯競走 / 5/16-5/21 ５日目,ボートレース鳴門の公式発表もあわせて確認してください。
boat-2026-05-21-11,boat,ボートレースびわこ,滋賀県,10:30,16:30,,2026-05-21,https://www.boatrace-biwako.jp/,false,BOAT RACE公式データから取り込み。第７０回結核予防事業協賛 秩父宮妃記念杯 / 5/20-5/25 ２日目,ボートレースびわこの公式発表もあわせて確認してください。
boat-2026-05-21-19,boat,ボートレース下関,山口県,17:00,23:30,,2026-05-21,https://www.boatrace-shimonoseki.jp/,true,BOAT RACE公式データから取り込み。ミッドナイトボートレース下関１ｓｔ 楽天銀行賞 / 5/21-5/24 初日,ボートレース下関の公式発表もあわせて確認してください。
boat-2026-05-21-15,boat,ボートレース丸亀,香川県,15:00,20:50,,2026-05-21,https://www.marugameboat.jp/,true,BOAT RACE公式データから取り込み。ふじむら杯 / 5/17-5/23 ５日目,ボートレース丸亀の公式発表もあわせて確認してください。
boat-2026-05-21-17,boat,ボートレース宮島,広島県,10:30,16:30,,2026-05-21,https://www.boatrace-miyajima.com/,false,BOAT RACE公式データから取り込み。サントリー杯 / 5/16-5/21 最終日,ボートレース宮島の公式発表もあわせて確認してください。
boat-2026-05-21-01,boat,ボートレース桐生,群馬県,15:00,20:50,,2026-05-21,https://www.kiryu-kyotei.com/,true,BOAT RACE公式データから取り込み。第９回赤城カントリー倶楽部杯 / 5/19-5/24 ３日目,ボートレース桐生の公式発表もあわせて確認してください。
boat-2026-05-21-16,boat,ボートレース児島,岡山県,10:30,16:30,,2026-05-21,https://www.kojimaboat.jp/,false,BOAT RACE公式データから取り込み。ＢＯＡＴＢｏｙカップ / 5/19-5/23 ３日目,ボートレース児島の公式発表もあわせて確認してください。
boat-2026-05-21-08,boat,ボートレース常滑,愛知県,10:30,16:30,,2026-05-21,http://www.boatrace-tokoname.jp/,false,BOAT RACE公式データから取り込み。にっぽん未来プロジェクト競走ｉｎとこなめ / 5/19-5/24 ３日目,ボートレース常滑の公式発表もあわせて確認してください。
boat-2026-05-21-05,boat,ボートレース多摩川,東京都,12:00,18:30,,2026-05-21,http://www.boatrace-tamagawa.com/,false,BOAT RACE公式データから取り込み。第２１回日刊ゲンダイ杯 / 5/20-5/25 ２日目,ボートレース多摩川の公式発表もあわせて確認してください。
boat-2026-05-21-09,boat,ボートレース津,三重県,10:30,16:30,,2026-05-21,http://www.boatrace-tsu.com/,false,BOAT RACE公式データから取り込み。日刊スポーツちどり杯争奪戦 / 5/20-5/25 ２日目,ボートレース津の公式発表もあわせて確認してください。
boat-2026-05-21-18,boat,ボートレース徳山,山口県,08:30,14:30,,2026-05-21,http://www.boatrace-tokuyama.jp/,false,BOAT RACE公式データから取り込み。日刊スポーツ杯争奪徳山オールレディース / 5/18-5/23 ４日目,ボートレース徳山の公式発表もあわせて確認してください。
boat-2026-05-21-14,boat,ボートレース鳴門,徳島県,08:30,14:30,,2026-05-21,http://www.n14.jp/,false,BOAT RACE公式データから取り込み。スマホのアプリ「Ｎｏｖｉｌ★ラボ！」杯競走 / 5/16-5/21 最終日,ボートレース鳴門の公式発表もあわせて確認してください。
boat-2026-05-22-11,boat,ボートレースびわこ,滋賀県,10:30,16:30,,2026-05-22,https://www.boatrace-biwako.jp/,false,BOAT RACE公式データから取り込み。第７０回結核予防事業協賛 秩父宮妃記念杯 / 5/20-5/25 ３日目,ボートレースびわこの公式発表もあわせて確認してください。
boat-2026-05-22-19,boat,ボートレース下関,山口県,17:00,23:30,,2026-05-22,https://www.boatrace-shimonoseki.jp/,true,BOAT RACE公式データから取り込み。ミッドナイトボートレース下関１ｓｔ 楽天銀行賞 / 5/21-5/24 ２日目,ボートレース下関の公式発表もあわせて確認してください。
boat-2026-05-22-15,boat,ボートレース丸亀,香川県,15:00,20:50,,2026-05-22,https://www.marugameboat.jp/,true,BOAT RACE公式データから取り込み。ふじむら杯 / 5/17-5/23 ６日目,ボートレース丸亀の公式発表もあわせて確認してください。
boat-2026-05-22-01,boat,ボートレース桐生,群馬県,15:00,20:50,,2026-05-22,https://www.kiryu-kyotei.com/,true,BOAT RACE公式データから取り込み。第９回赤城カントリー倶楽部杯 / 5/19-5/24 ４日目,ボートレース桐生の公式発表もあわせて確認してください。
boat-2026-05-22-16,boat,ボートレース児島,岡山県,10:30,16:30,,2026-05-22,https://www.kojimaboat.jp/,false,BOAT RACE公式データから取り込み。ＢＯＡＴＢｏｙカップ / 5/19-5/23 ４日目,ボートレース児島の公式発表もあわせて確認してください。
boat-2026-05-22-08,boat,ボートレース常滑,愛知県,10:30,16:30,,2026-05-22,http://www.boatrace-tokoname.jp/,false,BOAT RACE公式データから取り込み。にっぽん未来プロジェクト競走ｉｎとこなめ / 5/19-5/24 ４日目,ボートレース常滑の公式発表もあわせて確認してください。
boat-2026-05-22-05,boat,ボートレース多摩川,東京都,12:00,18:30,,2026-05-22,http://www.boatrace-tamagawa.com/,false,BOAT RACE公式データから取り込み。第２１回日刊ゲンダイ杯 / 5/20-5/25 ３日目,ボートレース多摩川の公式発表もあわせて確認してください。
boat-2026-05-22-09,boat,ボートレース津,三重県,10:30,16:30,,2026-05-22,http://www.boatrace-tsu.com/,false,BOAT RACE公式データから取り込み。日刊スポーツちどり杯争奪戦 / 5/20-5/25 ３日目,ボートレース津の公式発表もあわせて確認してください。
boat-2026-05-22-23,boat,ボートレース唐津,佐賀県,08:30,14:30,,2026-05-22,http://www.boatrace-karatsu.jp/,false,BOAT RACE公式データから取り込み。マンスリーＢＯＡＴＲＡＣＥ杯 / 5/22-5/26 初日,ボートレース唐津の公式発表もあわせて確認してください。
boat-2026-05-22-18,boat,ボートレース徳山,山口県,08:30,14:30,,2026-05-22,http://www.boatrace-tokuyama.jp/,false,BOAT RACE公式データから取り込み。日刊スポーツ杯争奪徳山オールレディース / 5/18-5/23 ５日目,ボートレース徳山の公式発表もあわせて確認してください。
boat-2026-05-22-13,boat,ボートレース尼崎,兵庫県,10:30,16:30,,2026-05-22,https://www.boatrace-amagasaki.jp/,false,BOAT RACE公式データから取り込み。ルーキーシリーズ第１１戦 スカパー！・ＪＬＣ杯 / 5/22-5/27 初日,ボートレース尼崎の公式発表もあわせて確認してください。
boat-2026-05-23-11,boat,ボートレースびわこ,滋賀県,10:30,16:30,,2026-05-23,https://www.boatrace-biwako.jp/,false,BOAT RACE公式データから取り込み。第７０回結核予防事業協賛 秩父宮妃記念杯 / 5/20-5/25 ４日目,ボートレースびわこの公式発表もあわせて確認してください。
boat-2026-05-23-19,boat,ボートレース下関,山口県,17:00,23:30,,2026-05-23,https://www.boatrace-shimonoseki.jp/,true,BOAT RACE公式データから取り込み。ミッドナイトボートレース下関１ｓｔ 楽天銀行賞 / 5/21-5/24 ３日目,ボートレース下関の公式発表もあわせて確認してください。
boat-2026-05-23-15,boat,ボートレース丸亀,香川県,15:00,20:50,,2026-05-23,https://www.marugameboat.jp/,true,BOAT RACE公式データから取り込み。ふじむら杯 / 5/17-5/23 最終日,ボートレース丸亀の公式発表もあわせて確認してください。
boat-2026-05-23-01,boat,ボートレース桐生,群馬県,15:00,20:50,,2026-05-23,https://www.kiryu-kyotei.com/,true,BOAT RACE公式データから取り込み。第９回赤城カントリー倶楽部杯 / 5/19-5/24 ５日目,ボートレース桐生の公式発表もあわせて確認してください。
boat-2026-05-23-10,boat,ボートレース三国,福井県,08:30,14:30,,2026-05-23,https://www.boatrace-mikuni.jp/,false,BOAT RACE公式データから取り込み。三国巧者決定戦 / 5/23-5/28 初日,ボートレース三国の公式発表もあわせて確認してください。
boat-2026-05-23-16,boat,ボートレース児島,岡山県,10:30,16:30,,2026-05-23,https://www.kojimaboat.jp/,false,BOAT RACE公式データから取り込み。ＢＯＡＴＢｏｙカップ / 5/19-5/23 最終日,ボートレース児島の公式発表もあわせて確認してください。
boat-2026-05-23-12,boat,ボートレース住之江,大阪府,15:00,20:50,,2026-05-23,https://www.boatrace-suminoe.jp/,true,BOAT RACE公式データから取り込み。アクアコンシェルジュカップ / 5/23-5/27 初日,ボートレース住之江の公式発表もあわせて確認してください。
boat-2026-05-23-08,boat,ボートレース常滑,愛知県,10:30,16:30,,2026-05-23,http://www.boatrace-tokoname.jp/,false,BOAT RACE公式データから取り込み。にっぽん未来プロジェクト競走ｉｎとこなめ / 5/19-5/24 ５日目,ボートレース常滑の公式発表もあわせて確認してください。
boat-2026-05-23-05,boat,ボートレース多摩川,東京都,12:00,18:30,,2026-05-23,http://www.boatrace-tamagawa.com/,false,BOAT RACE公式データから取り込み。第２１回日刊ゲンダイ杯 / 5/20-5/25 ４日目,ボートレース多摩川の公式発表もあわせて確認してください。
boat-2026-05-23-09,boat,ボートレース津,三重県,10:30,16:30,,2026-05-23,http://www.boatrace-tsu.com/,false,BOAT RACE公式データから取り込み。日刊スポーツちどり杯争奪戦 / 5/20-5/25 ４日目,ボートレース津の公式発表もあわせて確認してください。
boat-2026-05-23-23,boat,ボートレース唐津,佐賀県,08:30,14:30,,2026-05-23,http://www.boatrace-karatsu.jp/,false,BOAT RACE公式データから取り込み。マンスリーＢＯＡＴＲＡＣＥ杯 / 5/22-5/26 ２日目,ボートレース唐津の公式発表もあわせて確認してください。
boat-2026-05-23-18,boat,ボートレース徳山,山口県,08:30,14:30,,2026-05-23,http://www.boatrace-tokuyama.jp/,false,BOAT RACE公式データから取り込み。日刊スポーツ杯争奪徳山オールレディース / 5/18-5/23 最終日,ボートレース徳山の公式発表もあわせて確認してください。
boat-2026-05-23-13,boat,ボートレース尼崎,兵庫県,10:30,16:30,,2026-05-23,https://www.boatrace-amagasaki.jp/,false,BOAT RACE公式データから取り込み。ルーキーシリーズ第１１戦 スカパー！・ＪＬＣ杯 / 5/22-5/27 ２日目,ボートレース尼崎の公式発表もあわせて確認してください。
boat-2026-05-24-11,boat,ボートレースびわこ,滋賀県,10:30,16:30,,2026-05-24,https://www.boatrace-biwako.jp/,false,BOAT RACE公式データから取り込み。第７０回結核予防事業協賛 秩父宮妃記念杯 / 5/20-5/25 ５日目,ボートレースびわこの公式発表もあわせて確認してください。
boat-2026-05-24-21,boat,ボートレース芦屋,福岡県,08:30,14:30,,2026-05-24,https://www.boatrace-ashiya.com/,false,BOAT RACE公式データから取り込み。ＢＴＳ嘉麻開設１４周年記念 / 5/24-5/28 初日,ボートレース芦屋の公式発表もあわせて確認してください。
boat-2026-05-24-19,boat,ボートレース下関,山口県,17:00,23:30,,2026-05-24,https://www.boatrace-shimonoseki.jp/,true,BOAT RACE公式データから取り込み。ミッドナイトボートレース下関１ｓｔ 楽天銀行賞 / 5/21-5/24 最終日,ボートレース下関の公式発表もあわせて確認してください。
boat-2026-05-24-01,boat,ボートレース桐生,群馬県,15:00,20:50,,2026-05-24,https://www.kiryu-kyotei.com/,true,BOAT RACE公式データから取り込み。第９回赤城カントリー倶楽部杯 / 5/19-5/24 最終日,ボートレース桐生の公式発表もあわせて確認してください。
boat-2026-05-24-10,boat,ボートレース三国,福井県,08:30,14:30,,2026-05-24,https://www.boatrace-mikuni.jp/,false,BOAT RACE公式データから取り込み。三国巧者決定戦 / 5/23-5/28 ２日目,ボートレース三国の公式発表もあわせて確認してください。
boat-2026-05-24-12,boat,ボートレース住之江,大阪府,15:00,20:50,,2026-05-24,https://www.boatrace-suminoe.jp/,true,BOAT RACE公式データから取り込み。アクアコンシェルジュカップ / 5/23-5/27 ２日目,ボートレース住之江の公式発表もあわせて確認してください。
boat-2026-05-24-08,boat,ボートレース常滑,愛知県,10:30,16:30,,2026-05-24,http://www.boatrace-tokoname.jp/,false,BOAT RACE公式データから取り込み。にっぽん未来プロジェクト競走ｉｎとこなめ / 5/19-5/24 最終日,ボートレース常滑の公式発表もあわせて確認してください。
boat-2026-05-24-05,boat,ボートレース多摩川,東京都,12:00,18:30,,2026-05-24,http://www.boatrace-tamagawa.com/,false,BOAT RACE公式データから取り込み。第２１回日刊ゲンダイ杯 / 5/20-5/25 ５日目,ボートレース多摩川の公式発表もあわせて確認してください。
boat-2026-05-24-24,boat,ボートレース大村,長崎県,15:00,20:50,,2026-05-24,http://omurakyotei.jp/index.php,true,BOAT RACE公式データから取り込み。ヴィーナスシリーズ 第４戦 スマホマクール杯 / 5/24-5/29 初日,ボートレース大村の公式発表もあわせて確認してください。
boat-2026-05-24-09,boat,ボートレース津,三重県,10:30,16:30,,2026-05-24,http://www.boatrace-tsu.com/,false,BOAT RACE公式データから取り込み。日刊スポーツちどり杯争奪戦 / 5/20-5/25 ５日目,ボートレース津の公式発表もあわせて確認してください。
boat-2026-05-24-23,boat,ボートレース唐津,佐賀県,08:30,14:30,,2026-05-24,http://www.boatrace-karatsu.jp/,false,BOAT RACE公式データから取り込み。マンスリーＢＯＡＴＲＡＣＥ杯 / 5/22-5/26 ３日目,ボートレース唐津の公式発表もあわせて確認してください。
boat-2026-05-24-13,boat,ボートレース尼崎,兵庫県,10:30,16:30,,2026-05-24,https://www.boatrace-amagasaki.jp/,false,BOAT RACE公式データから取り込み。ルーキーシリーズ第１１戦 スカパー！・ＪＬＣ杯 / 5/22-5/27 ３日目,ボートレース尼崎の公式発表もあわせて確認してください。
boat-2026-05-25-11,boat,ボートレースびわこ,滋賀県,10:30,16:30,,2026-05-25,https://www.boatrace-biwako.jp/,false,BOAT RACE公式データから取り込み。第７０回結核予防事業協賛 秩父宮妃記念杯 / 5/20-5/25 最終日,ボートレースびわこの公式発表もあわせて確認してください。
boat-2026-05-25-21,boat,ボートレース芦屋,福岡県,08:30,14:30,,2026-05-25,https://www.boatrace-ashiya.com/,false,BOAT RACE公式データから取り込み。ＢＴＳ嘉麻開設１４周年記念 / 5/24-5/28 ２日目,ボートレース芦屋の公式発表もあわせて確認してください。
boat-2026-05-25-07,boat,ボートレース蒲郡,愛知県,15:00,20:50,,2026-05-25,http://www.gamagori-kyotei.com/,true,BOAT RACE公式データから取り込み。サッポロビールカップ / 5/25-5/31 初日,ボートレース蒲郡の公式発表もあわせて確認してください。
boat-2026-05-25-17,boat,ボートレース宮島,広島県,10:30,16:30,,2026-05-25,https://www.boatrace-miyajima.com/,false,BOAT RACE公式データから取り込み。第２０回日本トーター賞ＢＴＳ安芸高田開設７周年記念 / 5/25-5/30 初日,ボートレース宮島の公式発表もあわせて確認してください。
boat-2026-05-25-03,boat,ボートレース江戸川,東京都,10:30,16:30,,2026-05-25,http://www.boatrace-edogawa.com/,false,BOAT RACE公式データから取り込み。秋川渓谷カップ・第５１回スポーツニッポン杯 / 5/25-5/30 初日,ボートレース江戸川の公式発表もあわせて確認してください。
boat-2026-05-25-10,boat,ボートレース三国,福井県,08:30,14:30,,2026-05-25,https://www.boatrace-mikuni.jp/,false,BOAT RACE公式データから取り込み。三国巧者決定戦 / 5/23-5/28 ３日目,ボートレース三国の公式発表もあわせて確認してください。
boat-2026-05-25-12,boat,ボートレース住之江,大阪府,15:00,20:50,,2026-05-25,https://www.boatrace-suminoe.jp/,true,BOAT RACE公式データから取り込み。アクアコンシェルジュカップ / 5/23-5/27 ３日目,ボートレース住之江の公式発表もあわせて確認してください。
boat-2026-05-25-05,boat,ボートレース多摩川,東京都,12:00,18:30,,2026-05-25,http://www.boatrace-tamagawa.com/,false,BOAT RACE公式データから取り込み。第２１回日刊ゲンダイ杯 / 5/20-5/25 最終日,ボートレース多摩川の公式発表もあわせて確認してください。
boat-2026-05-25-24,boat,ボートレース大村,長崎県,15:00,20:50,,2026-05-25,http://omurakyotei.jp/index.php,true,BOAT RACE公式データから取り込み。ヴィーナスシリーズ 第４戦 スマホマクール杯 / 5/24-5/29 ２日目,ボートレース大村の公式発表もあわせて確認してください。
boat-2026-05-25-09,boat,ボートレース津,三重県,10:30,16:30,,2026-05-25,http://www.boatrace-tsu.com/,false,BOAT RACE公式データから取り込み。日刊スポーツちどり杯争奪戦 / 5/20-5/25 最終日,ボートレース津の公式発表もあわせて確認してください。
boat-2026-05-25-23,boat,ボートレース唐津,佐賀県,08:30,14:30,,2026-05-25,http://www.boatrace-karatsu.jp/,false,BOAT RACE公式データから取り込み。マンスリーＢＯＡＴＲＡＣＥ杯 / 5/22-5/26 ４日目,ボートレース唐津の公式発表もあわせて確認してください。
boat-2026-05-25-13,boat,ボートレース尼崎,兵庫県,10:30,16:30,,2026-05-25,https://www.boatrace-amagasaki.jp/,false,BOAT RACE公式データから取り込み。ルーキーシリーズ第１１戦 スカパー！・ＪＬＣ杯 / 5/22-5/27 ４日目,ボートレース尼崎の公式発表もあわせて確認してください。
boat-2026-05-26-21,boat,ボートレース芦屋,福岡県,08:30,14:30,,2026-05-26,https://www.boatrace-ashiya.com/,false,BOAT RACE公式データから取り込み。ＢＴＳ嘉麻開設１４周年記念 / 5/24-5/28 ３日目,ボートレース芦屋の公式発表もあわせて確認してください。
boat-2026-05-26-07,boat,ボートレース蒲郡,愛知県,15:00,20:50,,2026-05-26,http://www.gamagori-kyotei.com/,true,BOAT RACE公式データから取り込み。サッポロビールカップ / 5/25-5/31 ２日目,ボートレース蒲郡の公式発表もあわせて確認してください。
boat-2026-05-26-15,boat,ボートレース丸亀,香川県,15:00,20:50,,2026-05-26,https://www.marugameboat.jp/,true,BOAT RACE公式データから取り込み。第１６回琴参バスカップ / 5/26-5/31 初日,ボートレース丸亀の公式発表もあわせて確認してください。
boat-2026-05-26-17,boat,ボートレース宮島,広島県,10:30,16:30,,2026-05-26,https://www.boatrace-miyajima.com/,false,BOAT RACE公式データから取り込み。第２０回日本トーター賞ＢＴＳ安芸高田開設７周年記念 / 5/25-5/30 ２日目,ボートレース宮島の公式発表もあわせて確認してください。
boat-2026-05-26-03,boat,ボートレース江戸川,東京都,10:30,16:30,,2026-05-26,http://www.boatrace-edogawa.com/,false,BOAT RACE公式データから取り込み。秋川渓谷カップ・第５１回スポーツニッポン杯 / 5/25-5/30 ２日目,ボートレース江戸川の公式発表もあわせて確認してください。
boat-2026-05-26-10,boat,ボートレース三国,福井県,08:30,14:30,,2026-05-26,https://www.boatrace-mikuni.jp/,false,BOAT RACE公式データから取り込み。三国巧者決定戦 / 5/23-5/28 ４日目,ボートレース三国の公式発表もあわせて確認してください。
boat-2026-05-26-12,boat,ボートレース住之江,大阪府,15:00,20:50,,2026-05-26,https://www.boatrace-suminoe.jp/,true,BOAT RACE公式データから取り込み。アクアコンシェルジュカップ / 5/23-5/27 ４日目,ボートレース住之江の公式発表もあわせて確認してください。
boat-2026-05-26-24,boat,ボートレース大村,長崎県,15:00,20:50,,2026-05-26,http://omurakyotei.jp/index.php,true,BOAT RACE公式データから取り込み。ヴィーナスシリーズ 第４戦 スマホマクール杯 / 5/24-5/29 ３日目,ボートレース大村の公式発表もあわせて確認してください。
boat-2026-05-26-23,boat,ボートレース唐津,佐賀県,08:30,14:30,,2026-05-26,http://www.boatrace-karatsu.jp/,false,BOAT RACE公式データから取り込み。マンスリーＢＯＡＴＲＡＣＥ杯 / 5/22-5/26 最終日,ボートレース唐津の公式発表もあわせて確認してください。
boat-2026-05-26-13,boat,ボートレース尼崎,兵庫県,10:30,16:30,,2026-05-26,https://www.boatrace-amagasaki.jp/,false,BOAT RACE公式データから取り込み。ルーキーシリーズ第１１戦 スカパー！・ＪＬＣ杯 / 5/22-5/27 ５日目,ボートレース尼崎の公式発表もあわせて確認してください。
boat-2026-05-26-06,boat,ボートレース浜名湖,静岡県,10:30,16:30,,2026-05-26,https://www.boatrace-hamanako.jp/,false,BOAT RACE公式データから取り込み。第５３回ボートレースオールスター / 5/26-5/31 初日,ボートレース浜名湖の公式発表もあわせて確認してください。
boat-2026-05-27-21,boat,ボートレース芦屋,福岡県,08:30,14:30,,2026-05-27,https://www.boatrace-ashiya.com/,false,BOAT RACE公式データから取り込み。ＢＴＳ嘉麻開設１４周年記念 / 5/24-5/28 ４日目,ボートレース芦屋の公式発表もあわせて確認してください。
boat-2026-05-27-07,boat,ボートレース蒲郡,愛知県,15:00,20:50,,2026-05-27,http://www.gamagori-kyotei.com/,true,BOAT RACE公式データから取り込み。サッポロビールカップ / 5/25-5/31 ３日目,ボートレース蒲郡の公式発表もあわせて確認してください。
boat-2026-05-27-15,boat,ボートレース丸亀,香川県,15:00,20:50,,2026-05-27,https://www.marugameboat.jp/,true,BOAT RACE公式データから取り込み。第１６回琴参バスカップ / 5/26-5/31 ２日目,ボートレース丸亀の公式発表もあわせて確認してください。
boat-2026-05-27-17,boat,ボートレース宮島,広島県,10:30,16:30,,2026-05-27,https://www.boatrace-miyajima.com/,false,BOAT RACE公式データから取り込み。第２０回日本トーター賞ＢＴＳ安芸高田開設７周年記念 / 5/25-5/30 ３日目,ボートレース宮島の公式発表もあわせて確認してください。
boat-2026-05-27-03,boat,ボートレース江戸川,東京都,10:30,16:30,,2026-05-27,http://www.boatrace-edogawa.com/,false,BOAT RACE公式データから取り込み。秋川渓谷カップ・第５１回スポーツニッポン杯 / 5/25-5/30 ３日目,ボートレース江戸川の公式発表もあわせて確認してください。
boat-2026-05-27-10,boat,ボートレース三国,福井県,08:30,14:30,,2026-05-27,https://www.boatrace-mikuni.jp/,false,BOAT RACE公式データから取り込み。三国巧者決定戦 / 5/23-5/28 ５日目,ボートレース三国の公式発表もあわせて確認してください。
boat-2026-05-27-12,boat,ボートレース住之江,大阪府,15:00,20:50,,2026-05-27,https://www.boatrace-suminoe.jp/,true,BOAT RACE公式データから取り込み。アクアコンシェルジュカップ / 5/23-5/27 最終日,ボートレース住之江の公式発表もあわせて確認してください。
boat-2026-05-27-08,boat,ボートレース常滑,愛知県,10:30,16:30,,2026-05-27,http://www.boatrace-tokoname.jp/,false,BOAT RACE公式データから取り込み。第９回愛知・名古屋アジア・アジアパラ大会協賛競走 / 5/27-6/1 初日,ボートレース常滑の公式発表もあわせて確認してください。
boat-2026-05-27-24,boat,ボートレース大村,長崎県,15:00,20:50,,2026-05-27,http://omurakyotei.jp/index.php,true,BOAT RACE公式データから取り込み。ヴィーナスシリーズ 第４戦 スマホマクール杯 / 5/24-5/29 ４日目,ボートレース大村の公式発表もあわせて確認してください。
boat-2026-05-27-18,boat,ボートレース徳山,山口県,08:30,14:30,,2026-05-27,http://www.boatrace-tokuyama.jp/,false,BOAT RACE公式データから取り込み。西部記者クラブ杯争奪戦 / 5/27-5/31 初日,ボートレース徳山の公式発表もあわせて確認してください。
boat-2026-05-27-13,boat,ボートレース尼崎,兵庫県,10:30,16:30,,2026-05-27,https://www.boatrace-amagasaki.jp/,false,BOAT RACE公式データから取り込み。ルーキーシリーズ第１１戦 スカパー！・ＪＬＣ杯 / 5/22-5/27 最終日,ボートレース尼崎の公式発表もあわせて確認してください。
boat-2026-05-27-06,boat,ボートレース浜名湖,静岡県,10:30,16:30,,2026-05-27,https://www.boatrace-hamanako.jp/,false,BOAT RACE公式データから取り込み。第５３回ボートレースオールスター / 5/26-5/31 ２日目,ボートレース浜名湖の公式発表もあわせて確認してください。
boat-2026-05-28-21,boat,ボートレース芦屋,福岡県,08:30,14:30,,2026-05-28,https://www.boatrace-ashiya.com/,false,BOAT RACE公式データから取り込み。ＢＴＳ嘉麻開設１４周年記念 / 5/24-5/28 最終日,ボートレース芦屋の公式発表もあわせて確認してください。
boat-2026-05-28-07,boat,ボートレース蒲郡,愛知県,15:00,20:50,,2026-05-28,http://www.gamagori-kyotei.com/,true,BOAT RACE公式データから取り込み。サッポロビールカップ / 5/25-5/31 ４日目,ボートレース蒲郡の公式発表もあわせて確認してください。
boat-2026-05-28-15,boat,ボートレース丸亀,香川県,15:00,20:50,,2026-05-28,https://www.marugameboat.jp/,true,BOAT RACE公式データから取り込み。第１６回琴参バスカップ / 5/26-5/31 ３日目,ボートレース丸亀の公式発表もあわせて確認してください。
boat-2026-05-28-17,boat,ボートレース宮島,広島県,10:30,16:30,,2026-05-28,https://www.boatrace-miyajima.com/,false,BOAT RACE公式データから取り込み。第２０回日本トーター賞ＢＴＳ安芸高田開設７周年記念 / 5/25-5/30 ４日目,ボートレース宮島の公式発表もあわせて確認してください。
boat-2026-05-28-01,boat,ボートレース桐生,群馬県,15:00,20:50,,2026-05-28,https://www.kiryu-kyotei.com/,true,BOAT RACE公式データから取り込み。第３３回桐生タイムス杯 / 5/28-6/1 初日,ボートレース桐生の公式発表もあわせて確認してください。
boat-2026-05-28-02,boat,ボートレース戸田,埼玉県,10:30,16:30,,2026-05-28,http://www.boatrace-toda.jp/,false,BOAT RACE公式データから取り込み。本命バトル祭 / 5/28-5/31 初日,ボートレース戸田の公式発表もあわせて確認してください。
boat-2026-05-28-03,boat,ボートレース江戸川,東京都,10:30,16:30,,2026-05-28,http://www.boatrace-edogawa.com/,false,BOAT RACE公式データから取り込み。秋川渓谷カップ・第５１回スポーツニッポン杯 / 5/25-5/30 ４日目,ボートレース江戸川の公式発表もあわせて確認してください。
boat-2026-05-28-10,boat,ボートレース三国,福井県,08:30,14:30,,2026-05-28,https://www.boatrace-mikuni.jp/,false,BOAT RACE公式データから取り込み。三国巧者決定戦 / 5/23-5/28 最終日,ボートレース三国の公式発表もあわせて確認してください。
boat-2026-05-28-08,boat,ボートレース常滑,愛知県,10:30,16:30,,2026-05-28,http://www.boatrace-tokoname.jp/,false,BOAT RACE公式データから取り込み。第９回愛知・名古屋アジア・アジアパラ大会協賛競走 / 5/27-6/1 ２日目,ボートレース常滑の公式発表もあわせて確認してください。
boat-2026-05-28-24,boat,ボートレース大村,長崎県,15:00,20:50,,2026-05-28,http://omurakyotei.jp/index.php,true,BOAT RACE公式データから取り込み。ヴィーナスシリーズ 第４戦 スマホマクール杯 / 5/24-5/29 ５日目,ボートレース大村の公式発表もあわせて確認してください。
boat-2026-05-28-18,boat,ボートレース徳山,山口県,08:30,14:30,,2026-05-28,http://www.boatrace-tokuyama.jp/,false,BOAT RACE公式データから取り込み。西部記者クラブ杯争奪戦 / 5/27-5/31 ２日目,ボートレース徳山の公式発表もあわせて確認してください。
boat-2026-05-28-06,boat,ボートレース浜名湖,静岡県,10:30,16:30,,2026-05-28,https://www.boatrace-hamanako.jp/,false,BOAT RACE公式データから取り込み。第５３回ボートレースオールスター / 5/26-5/31 ３日目,ボートレース浜名湖の公式発表もあわせて確認してください。
boat-2026-05-29-11,boat,ボートレースびわこ,滋賀県,10:30,16:30,,2026-05-29,https://www.boatrace-biwako.jp/,false,BOAT RACE公式データから取り込み。デイリースポーツ杯争奪第４１回オールニッポン選抜戦 / 5/29-6/3 初日,ボートレースびわこの公式発表もあわせて確認してください。
boat-2026-05-29-07,boat,ボートレース蒲郡,愛知県,15:00,20:50,,2026-05-29,http://www.gamagori-kyotei.com/,true,BOAT RACE公式データから取り込み。サッポロビールカップ / 5/25-5/31 ５日目,ボートレース蒲郡の公式発表もあわせて確認してください。
boat-2026-05-29-15,boat,ボートレース丸亀,香川県,15:00,20:50,,2026-05-29,https://www.marugameboat.jp/,true,BOAT RACE公式データから取り込み。第１６回琴参バスカップ / 5/26-5/31 ４日目,ボートレース丸亀の公式発表もあわせて確認してください。
boat-2026-05-29-17,boat,ボートレース宮島,広島県,10:30,16:30,,2026-05-29,https://www.boatrace-miyajima.com/,false,BOAT RACE公式データから取り込み。第２０回日本トーター賞ＢＴＳ安芸高田開設７周年記念 / 5/25-5/30 ５日目,ボートレース宮島の公式発表もあわせて確認してください。
boat-2026-05-29-01,boat,ボートレース桐生,群馬県,15:00,20:50,,2026-05-29,https://www.kiryu-kyotei.com/,true,BOAT RACE公式データから取り込み。第３３回桐生タイムス杯 / 5/28-6/1 ２日目,ボートレース桐生の公式発表もあわせて確認してください。
boat-2026-05-29-02,boat,ボートレース戸田,埼玉県,10:30,16:30,,2026-05-29,http://www.boatrace-toda.jp/,false,BOAT RACE公式データから取り込み。本命バトル祭 / 5/28-5/31 ２日目,ボートレース戸田の公式発表もあわせて確認してください。
boat-2026-05-29-03,boat,ボートレース江戸川,東京都,10:30,16:30,,2026-05-29,http://www.boatrace-edogawa.com/,false,BOAT RACE公式データから取り込み。秋川渓谷カップ・第５１回スポーツニッポン杯 / 5/25-5/30 ５日目,ボートレース江戸川の公式発表もあわせて確認してください。
boat-2026-05-29-08,boat,ボートレース常滑,愛知県,10:30,16:30,,2026-05-29,http://www.boatrace-tokoname.jp/,false,BOAT RACE公式データから取り込み。第９回愛知・名古屋アジア・アジアパラ大会協賛競走 / 5/27-6/1 ３日目,ボートレース常滑の公式発表もあわせて確認してください。
boat-2026-05-29-24,boat,ボートレース大村,長崎県,15:00,20:50,,2026-05-29,http://omurakyotei.jp/index.php,true,BOAT RACE公式データから取り込み。ヴィーナスシリーズ 第４戦 スマホマクール杯 / 5/24-5/29 最終日,ボートレース大村の公式発表もあわせて確認してください。
boat-2026-05-29-09,boat,ボートレース津,三重県,10:30,16:30,,2026-05-29,http://www.boatrace-tsu.com/,false,BOAT RACE公式データから取り込み。津マスターズリーグ第１戦 / 5/29-6/3 初日,ボートレース津の公式発表もあわせて確認してください。
boat-2026-05-29-23,boat,ボートレース唐津,佐賀県,08:30,14:30,,2026-05-29,http://www.boatrace-karatsu.jp/,false,BOAT RACE公式データから取り込み。第１３回見帰りの滝あじさいカップ / 5/29-6/2 初日,ボートレース唐津の公式発表もあわせて確認してください。
boat-2026-05-29-18,boat,ボートレース徳山,山口県,08:30,14:30,,2026-05-29,http://www.boatrace-tokuyama.jp/,false,BOAT RACE公式データから取り込み。西部記者クラブ杯争奪戦 / 5/27-5/31 ３日目,ボートレース徳山の公式発表もあわせて確認してください。
boat-2026-05-29-06,boat,ボートレース浜名湖,静岡県,10:30,16:30,,2026-05-29,https://www.boatrace-hamanako.jp/,false,BOAT RACE公式データから取り込み。第５３回ボートレースオールスター / 5/26-5/31 ４日目,ボートレース浜名湖の公式発表もあわせて確認してください。
boat-2026-05-29-14,boat,ボートレース鳴門,徳島県,08:30,14:30,,2026-05-29,http://www.n14.jp/,false,BOAT RACE公式データから取り込み。第１７回鳴門商工会議所会頭杯競走 / 5/29-6/2 初日,ボートレース鳴門の公式発表もあわせて確認してください。
boat-2026-05-30-11,boat,ボートレースびわこ,滋賀県,10:30,16:30,,2026-05-30,https://www.boatrace-biwako.jp/,false,BOAT RACE公式データから取り込み。デイリースポーツ杯争奪第４１回オールニッポン選抜戦 / 5/29-6/3 ２日目,ボートレースびわこの公式発表もあわせて確認してください。
boat-2026-05-30-07,boat,ボートレース蒲郡,愛知県,15:00,20:50,,2026-05-30,http://www.gamagori-kyotei.com/,true,BOAT RACE公式データから取り込み。サッポロビールカップ / 5/25-5/31 ６日目,ボートレース蒲郡の公式発表もあわせて確認してください。
boat-2026-05-30-15,boat,ボートレース丸亀,香川県,15:00,20:50,,2026-05-30,https://www.marugameboat.jp/,true,BOAT RACE公式データから取り込み。第１６回琴参バスカップ / 5/26-5/31 ５日目,ボートレース丸亀の公式発表もあわせて確認してください。
boat-2026-05-30-17,boat,ボートレース宮島,広島県,10:30,16:30,,2026-05-30,https://www.boatrace-miyajima.com/,false,BOAT RACE公式データから取り込み。第２０回日本トーター賞ＢＴＳ安芸高田開設７周年記念 / 5/25-5/30 最終日,ボートレース宮島の公式発表もあわせて確認してください。
boat-2026-05-30-01,boat,ボートレース桐生,群馬県,15:00,20:50,,2026-05-30,https://www.kiryu-kyotei.com/,true,BOAT RACE公式データから取り込み。第３３回桐生タイムス杯 / 5/28-6/1 ３日目,ボートレース桐生の公式発表もあわせて確認してください。
boat-2026-05-30-02,boat,ボートレース戸田,埼玉県,10:30,16:30,,2026-05-30,http://www.boatrace-toda.jp/,false,BOAT RACE公式データから取り込み。本命バトル祭 / 5/28-5/31 ３日目,ボートレース戸田の公式発表もあわせて確認してください。
boat-2026-05-30-03,boat,ボートレース江戸川,東京都,10:30,16:30,,2026-05-30,http://www.boatrace-edogawa.com/,false,BOAT RACE公式データから取り込み。秋川渓谷カップ・第５１回スポーツニッポン杯 / 5/25-5/30 最終日,ボートレース江戸川の公式発表もあわせて確認してください。
boat-2026-05-30-12,boat,ボートレース住之江,大阪府,15:00,20:50,,2026-05-30,https://www.boatrace-suminoe.jp/,true,BOAT RACE公式データから取り込み。守口市制８０周年記念競走 / 5/30-6/3 初日,ボートレース住之江の公式発表もあわせて確認してください。
boat-2026-05-30-08,boat,ボートレース常滑,愛知県,10:30,16:30,,2026-05-30,http://www.boatrace-tokoname.jp/,false,BOAT RACE公式データから取り込み。第９回愛知・名古屋アジア・アジアパラ大会協賛競走 / 5/27-6/1 ４日目,ボートレース常滑の公式発表もあわせて確認してください。
boat-2026-05-30-05,boat,ボートレース多摩川,東京都,12:00,18:30,,2026-05-30,http://www.boatrace-tamagawa.com/,false,BOAT RACE公式データから取り込み。オールレディースリップルカップ / 5/30-6/4 初日,ボートレース多摩川の公式発表もあわせて確認してください。
boat-2026-05-30-09,boat,ボートレース津,三重県,10:30,16:30,,2026-05-30,http://www.boatrace-tsu.com/,false,BOAT RACE公式データから取り込み。津マスターズリーグ第１戦 / 5/29-6/3 ２日目,ボートレース津の公式発表もあわせて確認してください。
boat-2026-05-30-23,boat,ボートレース唐津,佐賀県,08:30,14:30,,2026-05-30,http://www.boatrace-karatsu.jp/,false,BOAT RACE公式データから取り込み。第１３回見帰りの滝あじさいカップ / 5/29-6/2 ２日目,ボートレース唐津の公式発表もあわせて確認してください。
boat-2026-05-30-18,boat,ボートレース徳山,山口県,08:30,14:30,,2026-05-30,http://www.boatrace-tokuyama.jp/,false,BOAT RACE公式データから取り込み。西部記者クラブ杯争奪戦 / 5/27-5/31 ４日目,ボートレース徳山の公式発表もあわせて確認してください。
boat-2026-05-30-06,boat,ボートレース浜名湖,静岡県,10:30,16:30,,2026-05-30,https://www.boatrace-hamanako.jp/,false,BOAT RACE公式データから取り込み。第５３回ボートレースオールスター / 5/26-5/31 ５日目,ボートレース浜名湖の公式発表もあわせて確認してください。
boat-2026-05-30-14,boat,ボートレース鳴門,徳島県,08:30,14:30,,2026-05-30,http://www.n14.jp/,false,BOAT RACE公式データから取り込み。第１７回鳴門商工会議所会頭杯競走 / 5/29-6/2 ２日目,ボートレース鳴門の公式発表もあわせて確認してください。
boat-2026-05-31-11,boat,ボートレースびわこ,滋賀県,10:30,16:30,,2026-05-31,https://www.boatrace-biwako.jp/,false,BOAT RACE公式データから取り込み。デイリースポーツ杯争奪第４１回オールニッポン選抜戦 / 5/29-6/3 ３日目,ボートレースびわこの公式発表もあわせて確認してください。
boat-2026-05-31-07,boat,ボートレース蒲郡,愛知県,15:00,20:50,,2026-05-31,http://www.gamagori-kyotei.com/,true,BOAT RACE公式データから取り込み。サッポロビールカップ / 5/25-5/31 最終日,ボートレース蒲郡の公式発表もあわせて確認してください。
boat-2026-05-31-15,boat,ボートレース丸亀,香川県,15:00,20:50,,2026-05-31,https://www.marugameboat.jp/,true,BOAT RACE公式データから取り込み。第１６回琴参バスカップ / 5/26-5/31 最終日,ボートレース丸亀の公式発表もあわせて確認してください。
boat-2026-05-31-01,boat,ボートレース桐生,群馬県,15:00,20:50,,2026-05-31,https://www.kiryu-kyotei.com/,true,BOAT RACE公式データから取り込み。第３３回桐生タイムス杯 / 5/28-6/1 ４日目,ボートレース桐生の公式発表もあわせて確認してください。
boat-2026-05-31-02,boat,ボートレース戸田,埼玉県,10:30,16:30,,2026-05-31,http://www.boatrace-toda.jp/,false,BOAT RACE公式データから取り込み。本命バトル祭 / 5/28-5/31 最終日,ボートレース戸田の公式発表もあわせて確認してください。
boat-2026-05-31-20,boat,ボートレース若松,福岡県,15:00,20:50,,2026-05-31,https://www.wmb.jp/,true,BOAT RACE公式データから取り込み。にっぽん未来プロジェクト競走ｉｎ若松 / 5/31-6/5 初日,ボートレース若松の公式発表もあわせて確認してください。
boat-2026-05-31-12,boat,ボートレース住之江,大阪府,15:00,20:50,,2026-05-31,https://www.boatrace-suminoe.jp/,true,BOAT RACE公式データから取り込み。守口市制８０周年記念競走 / 5/30-6/3 ２日目,ボートレース住之江の公式発表もあわせて確認してください。
boat-2026-05-31-08,boat,ボートレース常滑,愛知県,10:30,16:30,,2026-05-31,http://www.boatrace-tokoname.jp/,false,BOAT RACE公式データから取り込み。第９回愛知・名古屋アジア・アジアパラ大会協賛競走 / 5/27-6/1 ５日目,ボートレース常滑の公式発表もあわせて確認してください。
boat-2026-05-31-05,boat,ボートレース多摩川,東京都,12:00,18:30,,2026-05-31,http://www.boatrace-tamagawa.com/,false,BOAT RACE公式データから取り込み。オールレディースリップルカップ / 5/30-6/4 ２日目,ボートレース多摩川の公式発表もあわせて確認してください。
boat-2026-05-31-09,boat,ボートレース津,三重県,10:30,16:30,,2026-05-31,http://www.boatrace-tsu.com/,false,BOAT RACE公式データから取り込み。津マスターズリーグ第１戦 / 5/29-6/3 ３日目,ボートレース津の公式発表もあわせて確認してください。
boat-2026-05-31-23,boat,ボートレース唐津,佐賀県,08:30,14:30,,2026-05-31,http://www.boatrace-karatsu.jp/,false,BOAT RACE公式データから取り込み。第１３回見帰りの滝あじさいカップ / 5/29-6/2 ３日目,ボートレース唐津の公式発表もあわせて確認してください。
boat-2026-05-31-18,boat,ボートレース徳山,山口県,08:30,14:30,,2026-05-31,http://www.boatrace-tokuyama.jp/,false,BOAT RACE公式データから取り込み。西部記者クラブ杯争奪戦 / 5/27-5/31 最終日,ボートレース徳山の公式発表もあわせて確認してください。
boat-2026-05-31-13,boat,ボートレース尼崎,兵庫県,10:30,16:30,,2026-05-31,https://www.boatrace-amagasaki.jp/,false,BOAT RACE公式データから取り込み。デイリースポーツ杯争奪 第５８回琴浦賞競走 / 5/31-6/5 初日,ボートレース尼崎の公式発表もあわせて確認してください。
boat-2026-05-31-06,boat,ボートレース浜名湖,静岡県,10:30,16:30,,2026-05-31,https://www.boatrace-hamanako.jp/,false,BOAT RACE公式データから取り込み。第５３回ボートレースオールスター / 5/26-5/31 最終日,ボートレース浜名湖の公式発表もあわせて確認してください。
boat-2026-05-31-14,boat,ボートレース鳴門,徳島県,08:30,14:30,,2026-05-31,http://www.n14.jp/,false,BOAT RACE公式データから取り込み。第１７回鳴門商工会議所会頭杯競走 / 5/29-6/2 ３日目,ボートレース鳴門の公式発表もあわせて確認してください。
